question,answer,nebras_answer,nebras_full_context,relevant_sentences
ما حكم بيع اسم الشهرة، بمعنى بيع العلامة التجارية؟,فإن أحداً من أئمة المذاهب الفقهية القديمة في الاسلام لم يتناول هذه المسألة بالبحث لعدم وجودها في زمانهم، فهي من النوازل المستحدثة الناجمة عن التقدم العلمي والتطور الاقتصادي المعاصر، والتي بحثها العلماء المعاصرون بحسب ما تقتضيه قواعد العدل والمصلحة في الشريعة الاسلامية، وللإجابة عن المسألة المشار اليها سنبين الآتي: أولاً: المفهوم: إن الاسم التجاري أو اسم الشهرة يطلق على التسمية التي يستخدمها التاجر كعلامة تميز مشروعه التجاري عن غيره من حيث خصوصية نوع السلع وحسن المعاملة والخدمة التي اشتهر بسببها المحل وأصبح ذو سمعة طيبة جذبت الجمهور اليه. وهذا الاسم التجاري أو اسم الشهرة يوضع على لافته خاصة بالمحل التجاري وعلى جميع أوراقه الخاصة ومنتجاته التي يصنعها لتمييزها عما يماثلها من السلع الأخرى. ثانياً: الهدف والغاية من تسجيل وتثبيت اسم الشهرة أو الاسم التجاري: إن اسم الشهرة أو الإسم التجاري أو العلامة التجارية يهدف الى:-تمييز الصناعة المعلمة أو المسجلة بماركة معينة عن غيرها من المنتجات التي تماثلها.-جذب العملاء والمستهلكين لما تتميز به هذا السلع من خصائص إيجابية عن غيرها.-حق الحماية والاختصاص: فالشهرة أو الاسم التجاري يتحقق لصاحبة نتيجة جهد واتقان في العمل أدى الى ذيوع صيته بين الناس واقبالهم عليه لتمييز منتجاته عن غيرها. وبهذا المعنى ذهب أكثر العلماء المعاصرين الى اعتبار اسم الشهرة أو الاسم التجاري حقاً لصاحبه يمنحه حق الاستعمال والاستئثار والإختصاص بالبيع أو الهبة دون غيره، ولا يحق لأحد استعماله إلا بإذن صاحبه تماماً كما هو الحال في الحق العيني (حق الملكية المادية). ثالثاً: حجية اعتبار اسم الشهرة من الحقوق التي يجوز الاستعاضة عنه بمال ومستند اعتبار اسم الشهرة أو الاسم التجاري من الحقوق المعنوية التي لا يجوز التعدي عليها وانها حق خالصٌ لصاحبها يحل له الاستعاضة عنها بمال ما يلي: أ)العرف المستعمل بين التجار في بيع وشراء هذا الحق وسن القوانين التي تحميه من الاعتداء عليه. ب)كما أن المصلحة المرسلة تشهد له بالحجية لتأكد المصلحة في اعتبار ماليته، ووجوب حمايته. ج)والفقه الحنبلي ذهب الى معنى متطور في اعتبار مالية الأشياء وأن المنظور إليه في الأشياء ليس هو عينية الشيء المادي فقط بل هو منفعته واثره. جاء في المغني: إن ما لا منفعة فيه ليس بمال ولو كان شيئاً عينياً ولا يجوز بيعه، فمناط المالية المنفعة لا عينها. والقياس العام يشمل كل نفع ذي قيمة بين الناس إن لم يكن محرماً الانتفاع به شرعاً مما استلزم جريان المعاوضة فيه عرفاً. د)وذهب الى هذا الرأي مجمع الفقه الاسلامي في دورته الخامسة المنعقدة في دولة الكويت في جمادى الأولى -1409ه-10/12/1988م ومما جاء في القرار: 1-الاسم التجاري والعنوان التجاري والعلامة التجارية وحق التأليف والاختراع والابتكار هي حقوق خاصة للأصحابها أصبح لها في العرف المعاصر قيمة مالية معتبرة لتمول الناس بها وهذه الحقوق يعتد بها شرعاً فلا يجوز الاعتداء عليها. 2-يجوز التصرف في الاسم التجاري أو العنوان التجاري أو العلامة التجارية ونقل أي منها بعوض مالي اذا انتفى الغرر والتدليس والغش باعتبار أن ذلك أصبح حقاً مالياً. وعليه: فإن مجلس الافتاء الأعلى في فلسطين يؤكد على هذا الرأي ويرى جواز بيع الشهرة أو الاسم التجاري وجوازالاستعاضة عنه بمال اذا انتفى عنه الغش والتدليس. والله تعالى أعلم المراجع:-الفقه الاسلامي المقارن، مسألة حق الابتكار، د. محمد فتحي الدريني ص 266.-بيع الاسم التجاري، د. وهبة الزحيلي -المعاملات المالية المعاصرة، د. محمد الشبير ص67.-البيوع الشائعة وأثر ضوابط المبيع على شرعيتها، د. محمد توفيق رمضان البوطي ص 166.-ابن قدامة: المغني 6/184.,"حكم بيع اسم الشهرة، أو ما يُعرف بالعلامة التجارية، هو جائز شرعًا. حيث يُعتبر الاسم التجاري والعنوان التجاري والعلامة التجارية حقوقًا خاصة لأصحابها، ولها قيمة مادية معتبرة في العرف المعاصر. وبالتالي، يمكن بيع هذه الحقوق وشراؤها، حيث صدرت فتوى من مجمع الفقه الإسلامي تؤكد على جواز بيع هذه الحقوق وشراؤها.
- **الأدلة الشرعية:**
    - **القرآن الكريم:** 
        - لا توجد آيات قرآنية مباشرة تتعلق بموضوع بيع الاسم التجاري أو العلامة التجارية.
    - **الحديث النبوي:**
        - لا توجد أحاديث نبوية مباشرة تتعلق بموضوع بيع الاسم التجاري أو العلامة التجارية.
    - **أقوال العلماء المعتبرين:**
        - ""الاسم التجاري والعنوان التجاري والعلامة التجارية هي حقوق خاصة لأصحابها، أصبح لها في العرف المعاصر قيمة مادية معتبرة لتمول الناس بها وهذه الحقوق يعتد بها شرعاً"" - مجمع الفقه الإسلامي، دورته المنعقدة بالكويت عام 1405هـ.

 ","فالذي فهمناه من السؤال أنك طلبت من البنك الإسلامي أن يشتري لك الأجهزة اللازمة للمحل وأن يبيعها لك بنظام المرابحة للآمر بالشراء بالتقسيط، فوافق البنك على ذلك ووكلك عنه في شراء هذه الأجهزة وأعطاك المبلغ اللازم لذلك فاشتريت ببعضه هذه الأجهزة وببعضه الآخر بعض المواد الخاصة بالمحل، فإذا كان الأمر كذلك فقد أخطأت وارتكبت إثما بإخفاء هذا الأمر عن البنك وتقديم فاتورة غير صحيحة، وقد كان المشروع لك أن تطلع البنك على حقيقة ما فعلت، فإما أن يجيز ما فعلت على القول بصحة تصرف الفضولي وهو الراجح كما هو مبين في الفتوى رقم: 60057. وإما ألا يجيزه ويطالبك برد المبلغ المتبقي من شراء الأجهزة. والذي ننصحك به الآن مع التوبة إلى الله أن تستدرك خطأك و تطلع البنك على ما حدث وتفعل ما سوف يقرر. هذا ما يتعلق بالسؤال الأول. أما بالنسبة للسؤال الثاني فإن الشهرة التجارية ليس أمراً متمولاً بحيث يجري مجرى المنافع المتمولة، وبالتالي فلا يجوز بيعه. وأما بالنسبة للسؤال الثالث: فحكم هذا النوع من المعاملات بالنسبة للبنوك الإسلامية وغيرها أنه جائز من حيث أصل المرابحة كما هو مبين في الفتوى رقم: 20793،. أما بالنسبة لتوكيل الآمر بالشراء في شراء السلعة موضوع المرابحة وقبضها لموكله ثم قبضها لنفسه فمحل خلاف بين الفقهاء: فأجاز ذلك الحنابلة، قال صاحب الإقناع: ويصح قبض وكيل من نفسه لنفسه. ومنع من ذلك الشافعية، جاء في المجموع للإمام النووي: فرع: قال أصحابنا للمشتري أن يوكل في القبض، وللبائع أن يوكل في الإقباض ويشترط لذلك أمران: أحدهما: ألا يوكل المشتري من يده يد البائع كعبده ومستولدته. الثاني: ألا يكون القابض والمقبوض منه واحدا، فلا يجوز أن يوكل البائع رجلا في الإقباض ويوكله المشتري في القبض. والذي يظهر لنا في مسألة توكيل الآمر بالشراء -والعلم عند الله- أن الإفتاء بمذهب الشافعية هو المتعين الذي لا يجوز غيره، وذلك لسد ذريعة الاقتراض بالربا والتحايل عليه، إذ إنه من المعلوم أن كثيرا من الناس يتحايلون بذلك على الاقتراض بالربا حيث يوهمون البنك بأنهم قد اشتروا السلعة المطلوبة التي وٌكٍلوا في شرائها وقبضها ويقدمون لذلك فاتورة وهمية حتى يتوصلوا إلى أخذ المبلغ لأنفسهم دون أن تكون هناك عملية مرابحة حقيقية، ولاسيما إذا كان لا غرض لهم في السلعة ذاتها وإنما اشتروها ليبيعوها تورقا نقدا بأقل من سعرها بالأجل لحاجتهم إلى المال، وقد قال عمر بن عبد العزيز -رضي الله عنه-: يحدث للناس أقضية بقدر ما أحدثوا من فجور. وهذا الذي رجحناه أخذ به جماعة من أهل العلم المعاصرين، فجاء في قرار الهيئة الشرعية لبنك البلاد المكونة من د. عبد الله بن موسى العمار ود. عبد العزيز بن فوزان الفوزان ود. يوسف بن عبد الله الشبيلي ود. محمد بن سعود العصيمي: الأصل أن يشتري البنك السلعة بنفسه مباشرة من البائع، ويجوز له تنفيذ ذلك عن طريق وكيل غير الآمر بالشراء. لا يجوز للبنك توكيل عميله بالشراء في بيع المرابحة للآمر بالشراء. ونسأل الله لنا ولجميع المسلمين الفقه في دينه وامتثال أوامره واجتناب نواهيه، إنه ولي ذلك والقادر عليه.

فإن كان مقصودك بالأصل التجاري الاسم الذي اتخذته عنواناً لمحلك وأصبح له شهرة فهذا لا حرج في بيعه والاعتياض عنه إذ صار له في العرف المعاصر قيمة مادية معتبرة، وقد صدرت فتوى بهذا الخصوص من مجمع الفقه الإسلامي في دورته المنعقدة بالكويت عام 1405هـ جاء فيها: الاسم التجاري والعنوان التجاري والعلامة التجارية هي حقوق خاصة لأصحابها، أصبح لها في العرف المعاصر قيمة مادية معتبرة لتمول الناس بها وهذه الحقوق يعتد بها شرعاً. انتهى. وأما إن كنت تقصد بدل الخلو فهذا له ضوابط شرعية بيناها في الفتويين: 9528، 9664. وذكرنا فيهما أن محل جواز الاعتياض عنه ما إذا كانت إجارته للمحل سارية، فإن انتهت دون تجديدها من طرفي العقد لم يجز للمستأجر المطالبة ببدل خلو لتسليم المفتاح أو غيره، ولو كان في القانون ما يخالف ذلك فلا عبرة به شرعاً، وأما الأدوات التي تملكها والبضاعة ونحوها فلا حرج في بيعه أو إجارته وطلب الاعتياض عنه من صاحب المحل أو غيره.","فإن كان مقصودك بالأصل التجاري الاسم الذي اتخذته عنواناً لمحلك وأصبح له شهرة فهذا لا حرج في بيعه والاعتياض عنه إذ صار له في العرف المعاصر قيمة مادية معتبرة
وقد صدرت فتوى بهذا الخصوص من مجمع الفقه الإسلامي في دورته المنعقدة بالكويت عام 1405هـ جاء فيها: الاسم التجاري والعنوان التجاري والعلامة التجارية هي حقوق خاصة لأصحابها، أصبح لها في العرف المعاصر قيمة مادية معتبرة لتمول الناس بها وهذه الحقوق يعتد بها شرعاً."
ما حكم رجوع المطلقة لزوجها بعد قبض شيء من المؤخر؟,فإن رجوع المطلقة لطليقها مشروع ولو بعد قبض المؤخر أو جزء منه، وذلك بعقد ومهر جديدين وموافقة المرأة على العودة لهذا الرجل، شريطة أن لا تكون وقعت عليها ثلاث طلقات، فعند ذلك لا يحل لها الرجوع إلا بعد الزواج من رجل آخر على أن لا يكون الزواج بنية التحليل وأن يكون زواجا بعقد ودخول. والله يقول الحق وهو يهدي السبيل,"عذرًا، لا أمتلك المعلومات الكافية حول هذا الموضوع.
 ","فلم يذكر لنا السائل الصيغة التي أوقع بها الطلاق ثلاثاً، لكن إن كانت الصيغة هي قوله لها أنت طالق أنت طالق أنت طالق، فالجواب أنه إن كان قصد به ثلاث طلقات فقد بانت منه زوجته عند جمهور العلماء ولا تحل له حتى تنكح زوجاً غيره نكاح رغبة لا نكاح تحليل، وهذا خلافاً لشيخ الإسلام الذي يرى أن مثل هذا الطلاق لا يقع به إلا طلقة واحدة، وأما إن كان قصد بالثلاث طلقات طلقة واحدة، وإنما كرر لفظ الطلاق للتأكيد فهو طلقة واحدة، والطلقة التي حكم بها القاضي هي الطلقة الثانية، وإذا انقضت عدتها جاز للزوج أن يعقد عليها عقد نكاح جديد كالعقد ابتداء. وهذا على افتراض أن الزوج راجعها بعد الطلاق الأول. وأما إن كان لم يراجعها وانقضت عدتها فإنها تبين بذلك بينونة صغرى، ولا اعتبار لطلاق القاضي لأنه لم يصادف محلاً، وأما إن كان الزوج أرجعها إلى عصمته بعد الطلاق الأول ثم رفعت الدعوى ضده وحكم القاضي لها بالطلاق فهي طلقة ثانية، وللزوج أن يعقد عليها من جديد إذا انقضت عدتها كما ذكرنا، وللمزيد انظر الفتويين التاليتين: 60228، 5584.

فإن كانت المرأة في عدّتها من الطلاق الرجعي، فلزوجها أن يرجعها من غير عقد جديد. وإذا كان الطلاق بائنًا بينونة صغرى، جاز له رجعتها في عدتها بعقد جديد، قال البهوتي في الروض المربع، عند الكلام عن حكم التصريح والتعريض بخطبة المعتدة: ويباحان لمن أبانها بدون الثلاثة؛ لأنه يباح له نكاحها في عدتها، كرجعية، فإن له رجعتها في عدتها. اهـ. وإن كانت الطلقة الثالثة، فقد بانت منه بينونة كبرى، فلا تحلّ له حتى تنكح زوجًا غيره؛ لقوله تعالى: فَإِنْ طَلَّقَهَا فَلَا تَحِلُّ لَهُ مِنْ بَعْدُ حَتَّى تَنْكِحَ زَوْجًا غَيْرَهُ فَإِنْ طَلَّقَهَا فَلَا جُنَاحَ عَلَيْهِمَا أَنْ يَتَرَاجَعَا إِنْ ظَنَّا أَنْ يُقِيمَا حُدُودَ اللَّهِ {البقرة:230}. والزواج العرفي إن تم مستوفيًا شروط الزواج الصحيح؛ كان صحيحًا، ولا يضّر تسميته عرفيًّا، ولمزيد من التفصيل يمكن مراجعة الفتوى: 5962.

فهذا منك تعليق لطلاق زوجتك على خروجها من غير حجاب على رأسها، فإن حصل ما علقت عليه طلاقها وقع الطلاق، وراجع تفصيل القول في الطلاق المعلق في الفتوى رقم: 5684. وعدم علمك بخروجها على ذلك الحال لا يمنع وقوع طلاقها، وفي حال كون الطلقة الأولى أو الثانية يجوز للزوج أن يرجع زوجته بغير عقد جديد، وتحصل الرجعة بالجماع ولو من غير نية الرجعة في قول بعض أهل العلم، فإذا جامعت زوجتك بعدها فقد أرجعتها من ذلك الطلاق، وراجع الفتوى رقم: 54195. ووصيتنا لكما أن تحرصا على اجتناب كل ما يؤدي إلى الشقاق، وأن تتحريا الحكمة في حل المشاكل بعيدا عن الطلاق.
","فلم يذكر لنا السائل الصيغة التي أوقع بها الطلاق ثلاثاً، لكن إن كانت الصيغة هي قوله لها أنت طالق أنت طالق أنت طالق، فالجواب أنه إن كان قصد به ثلاث طلقات فقد بانت منه زوجته عند جمهور العلماء ولا تحل له حتى تنكح زوجاً غيره نكاح رغبة لا نكاح تحليل، وهذا خلافاً لشيخ الإسلام الذي يرى أن مثل هذا الطلاق لا يقع به إلا طلقة واحدة، وأما إن كان قصد بالثلاث طلقات طلقة واحدة، وإنما كرر لفظ الطلاق للتأكيد فهو طلقة واحدة، والطلقة التي حكم بها القاضي هي الطلقة الثانية، وإذا انقضت عدتها جاز للزوج أن يعقد عليها عقد نكاح جديد كالعقد ابتداء. وهذا على افتراض أن الزوج راجعها بعد الطلاق الأول. وأما إن كان لم يراجعها وانقضت عدتها فإنها تبين بذلك بينونة صغرى، ولا اعتبار لطلاق القاضي لأنه لم يصادف محلاً، وأما إن كان الزوج أرجعها إلى عصمته بعد الطلاق الأول ثم رفعت الدعوى ضده وحكم القاضي لها بالطلاق فهي طلقة ثانية، وللزوج أن يعقد عليها من جديد إذا انقضت عدتها كما ذكرنا، وللمزيد انظر الفتويين التاليتين: 60228، 5584.

فإن كانت المرأة في عدّتها من الطلاق الرجعي، فلزوجها أن يرجعها من غير عقد جديد. وإذا كان الطلاق بائنًا بينونة صغرى، جاز له رجعتها في عدتها بعقد جديد، قال البهوتي في الروض المربع، عند الكلام عن حكم التصريح والتعريض بخطبة المعتدة: ويباحان لمن أبانها بدون الثلاثة؛ لأنه يباح له نكاحها في عدتها، كرجعية، فإن له رجعتها في عدتها. اهـ. وإن كانت الطلقة الثالثة، فقد بانت منه بينونة كبرى، فلا تحلّ له حتى تنكح زوجًا غيره؛ لقوله تعالى: فَإِنْ طَلَّقَهَا فَلَا تَحِلُّ لَهُ مِنْ بَعْدُ حَتَّى تَنْكِحَ زَوْجًا غَيْرَهُ فَإِنْ طَلَّقَهَا فَلَا جُنَاحَ عَلَيْهِمَا أَنْ يَتَرَاجَعَا إِنْ ظَنَّا أَنْ يُقِيمَا حُدُودَ اللَّهِ {البقرة:230}. والزواج العرفي إن تم مستوفيًا شروط الزواج الصحيح؛ كان صحيحًا، ولا يضّر تسميته عرفيًّا، ولمزيد من التفصيل يمكن مراجعة الفتوى: 5962.

فهذا منك تعليق لطلاق زوجتك على خروجها من غير حجاب على رأسها، فإن حصل ما علقت عليه طلاقها وقع الطلاق، وراجع تفصيل القول في الطلاق المعلق في الفتوى رقم: 5684. وعدم علمك بخروجها على ذلك الحال لا يمنع وقوع طلاقها، وفي حال كون الطلقة الأولى أو الثانية يجوز للزوج أن يرجع زوجته بغير عقد جديد، وتحصل الرجعة بالجماع ولو من غير نية الرجعة في قول بعض أهل العلم، فإذا جامعت زوجتك بعدها فقد أرجعتها من ذلك الطلاق، وراجع الفتوى رقم: 54195. ووصيتنا لكما أن تحرصا على اجتناب كل ما يؤدي إلى الشقاق، وأن تتحريا الحكمة في حل المشاكل بعيدا عن الطلاق.
"
ما حكم الإفطار في رمضان للمصابين بمرض كورونا (covid 19)؟,فإن صيام شهر رمضان ركن من أركان الإسلام الخمسة، فرضه الله فرض عين على المسلم البالغ العاقل المقيم المستطيع له، فقال تعالى:{يَا أَيُّهَا الَّذِينَ آمَنُواْ كُتِبَ عَلَيْكُمُ الصِّيَامُ كَمَا كُتِبَ عَلَى الَّذِينَ مِن قَبْلِكُمْ لَعَلَّكُمْ تَتَّقُونَ}(البقرة: 183)، ويحرم التهاون في أدائه عند تحقق شروط وجوبه، فعن أبي هُرَيْرَةَ، رَفَعَهُ:(من أَفْطَرَ يَوْمًا من رَمَضَانَ من غَيْرِ عُذْرٍ، ولا مَرَضٍ، لم يَقْضِهِ صِيَامُ الدَّهْرِ، وَإِنْ صَامَهُ)(صحيح البخاري،كتاب الجمعة، بَابُ مَنْ انْتَظَرَ حَتَّى تُدْفَنَ) وشرع الإفطار في رمضان للذي يشق عليه الصوم بسبب المرض، أو يضرّه، أو يعرضه إلى حرج بالغ ومشقة غير محتملة، أو كان يحتاج إلى تناول دواء لازم في النهار، أو غذاء أو سوائل بسبب مرضه، فما جعل الله في دينه من حرج، والذي يحدد عجز المرء عن الصيام، الشخص نفسه، وطبيبه الحاذق. ويترتب على المريض الذي يفطر في حالة اضطراره لذلك أن يقضي الأيام التي أفطرها إن كان يرجى برؤه من المرض، فالله تعالى يقول:﴿فَمَنْ كَانَ مِنْكُمْ مَرِيضًا أَوْ عَلَى سَفَرٍ فَعِدَّةٌ مِنْ أَيَّامٍ أُخَرَ﴾(البقرة: 184). أما إذا كان المرض مزمنًا لا يرجى شفاؤه، فتجب عليه حينئذ الفدية، لقوله تعالى:﴿وَعَلَى الَّذِينَ يُطِيقُونَهُ فِدْيَةٌ طَعَامُ مِسْكِينٍ فَمَنْ تَطَوَّعَ خَيْرًا فَهُوَ خَيْرٌ لَهُ وَأَنْ تَصُومُوا خَيْرٌ لَكُمْ إِنْ كُنْتُمْ تَعْلَمُونَ﴾(البقرة: 184)، والفدية إطعام مسكين وجبتين من أوسط طعام مخرجها، عن كل يوم يفطر فيه، على ألا تقل قيمتها عن قيمة صدقة الفطر في حدها الأدنى. وعليه؛ فإذا ثبت طبيًا بأن الصوم يضر المصاب بمرض كورونا، فله أن يفطر في نهار رمضان، ويلزمه القضاء عند تعافيه وتمكنه من ذلك، إلا إذا كان عجزه عن الصيام دائماً فيخرج فدية عن كل يوم يفطره، بإطعام مسكين، على ألا تقل قيمة الفدية اليومية عن مقدار صدقة الفطر، وهي لهذا العام تسعة شواقل، والله تعالى أعلم.رفع الله الغمة عن خلقه، وأعاننا على صيام شهره، وقيام ليله، على الوجه الذي يرضيه سبحانه,"حكم الإفطار في رمضان للمصابين بمرض كورونا (covid 19) يعتمد على شدة الحالة الصحية للمريض. إذا كان الصوم يسبب له مشقة كبيرة أو يزيد من المرض أو يؤخر برئه، فمن الجائز له الفطر في رمضان. يجب على المريض استشارة الطبيب حول إمكانية تناول الدواء في غير وقت الصيام، وإن كان ذلك ممكنًا، فيجب تناول الدواء في وقت الفطر. أما إذا كان الصوم يسبب له مشقة لا يستطيع احتمالها، فمن الجائز له الفطر وتقضية الأيام التي أفطرتها بعد رمضان.
**الأدلة الشرعية:**
- `""فَمَن كَانَ مِنكُم مَّرِيضًا أَوْ عَلَى سَفَرٍ فَعِدَّةٌ مِّنْ أَيَّامٍ أُخَرَ""` - سورة البقرة، الآية 184
- `""ربنا لا تؤاخذنا إن نسينا أو أخطأنا""` - سورة البقرة، الآية 286
- `""وليس عليكم جناح فيما أخطأتم به ولكن ما تعمدت قلوبكم""` - سورة الأحزاب، الآية 5
- `""من نسي وهو صائم فأكل أو شرب فليتم صومه، فإنما أطعمه الله وسقاه""` - متفق عليه
- `""إن الله تجاوز عن أمتي الخطأ والنسيان وما استكرهوا عليه""` - رواه ابن ماجه

 ","فإذا كنت تخشى خشية تستند إلى تجربة راسخة أو خبر طبيب ثقة أنك ستتضرر إذا لم تأخذ الدواء، ولم يمكن تناول الدواء في غير وقت الصيام. فلا حرج عليك في الإفطار؛ لقول الله تعالى: فَمَن كَانَ مِنكُم مَّرِيضًا أَوْ عَلَى سَفَرٍ فَعِدَّةٌ مِّنْ أَيَّامٍ أُخَرَ.{البقرة:184}. فتفطر وتقضي الأيام التي أفطرتها بعد رمضان، وننصحك باستشارة الطبيب حول إمكانية تناول الدواء في غير وقت الصيام، فإن أخبرك بإمكانية ذلك فخذه، وإن زال عنك المرض لم يجز لك الفطر. وانظر الفتوى رقم: 113310.

خلاصة الفتوى: من كان الصوم يسبب له مرضاً أو زيادة مرض أو تأخر برء أو يجد مشقة يشق احتمالها جاز له الفطر في رمضان، وتناول الدواء وغيره، سواء علم ذلك من خلال تجربته أو بإخبار الطبيب العارف، ومن لم يكن كذلك لم يجز له الفطر، وإن كان يستعمل دواء عليه أن يؤخره لوقت الفطر. فوصول الدواء إلى المعدة مفسد للصوم، فإذا كنت تجد مشقة لا تحتمل بالصوم بوجود الألم المذكور أو كنت تخشى زيادة المرض أو تأخر برئه إذا لم تفطر فإن لك أن تقطع الصيام وتستعمل الدواء وتقضي فيما بعد، وكذلك إذا أخبر الطبيب العارف بأن الصوم في هذه الحالة مضر بالصحة، قال ابن قدامة في المغني: والمرض المبيح للفطر هو الشديد الذي يزيد بالصوم أو يخشى تباطؤ برئه. قيل لأحمد: متى يفطر المريض؟ قال: إذا لم يستطع، قيل: مثل الحمى؟ قال: وأي مرض أشد من الحمى. انتهى. وقال النووي رحمه الله: وهذا إذا لحقه مشقة ظاهرة بالصوم، ولا يشترط أن ينتهي إلى حالة لا يمكنه فيها الصوم، بل قال أصحابنا: شرط إباحة الفطر أن يلحقه بالصوم مشقة يشق احتمالها. انتهى. وقال الخرشي في شرحه لمختصر خليل في فقه المالكية: وجاز الفطر بسبب مرض خاف زيادته. وقال صاحب الدر المختار وهو حنفي في تعداد من يباح له الفطر قال: أو مريض خاف الزيادة لمرضه. أما إذا كان الألم بسيطاً يستطيع معه مواصلة الصيام ولا يخشى زيادة المرض أو أخبره الطبيب أن الصيام غير مضر ففي هذه الحالة لا يجوز تناول الدواء أثناء الصيام ويجب التأخير إلى الفطر، وللفائدة يرجى الاطلاع على الفتوى رقم: 25121، والفتوى رقم: 39749.

وعلى آله وصحبه أما بعد: فقد دلت الشريعة على أن عذر الساهي والمخطئ، ورفع الجناح عنهما من باب واحد في الجملة. قال تعالى (ربنا لا تؤاخذنا إن نسينا أو أخطأنا)[البقرة:286].وقال تعالى:(وليس عليكم جناح فيما أخطأتم به ولكن ما تعمدت قلوبكم وكان الله غفوراً رحيماً)[الأحزاب:5] وقال :""إن الله تجاوز عن أمتي الخطأ والنسيان وما استكرهوا عليه"" رواه ابن ماجه.لكن النسيان عذر في باب ارتكاب المناهي لا في باب ترك الأوامر، كما أن رفع الإثم لا يعني سقوط الضمان عند حدوث الإتلاف في حق الغير، وتفصيل ذلك في محله من كتب الأصول والقواعد.وأما الإفطار في رمضان سهواً أو خطأ ففيه تفصيل نوجزه فيما يلي: أولاً: من أكل أو شرب ناسياً، فلا يفسد صومه عند جمهور العلماء، لقوله :"" من نسي وهو صائم فأكل أو شرب فليتم صومه، فإنما أطعمه الله وسقاه"" متفق عليه، وذهب مالك رحمه الله إلى التفريق بين صوم رمضان وغيره فمن نسي في رمضان فأكل أو شرب فعليه القضاء.أما لو نسي في غير رمضان فأكل أو شرب فإنه يتم صومه ولا قضاء عليه.ثانياً: من جامع أهله ناسياً:اختلف الفقهاء في ذلك على قولين:الأول: أن الجماع في حال النسيان لا يفطر، وإلى هذا ذهب الحنفية والشافعية.الثاني: أن من جامع في رمضان ناسياً فسد صومه ووجب عليه القضاء عند المالكية، والقضاء والكفارة عند الحنابلة.وعن أحمد رواية أنه لا يقضي ولا يكفر، اختارها الآجري وشيخ الإسلام ابن تيمية. ثالثا: من أكل أو شرب خطأ بأن ظن بقاء الليل فتسحر، أو ظن غروب الشمس فأفطر، ثم بان خطؤه، لزمه القضاء دون الكفارة عند جمهور العلماء. واختار شيخ الإسلام أنه لا قضاء عليه.وإذا لم يتبين خطؤه، فلا يجب عليه القضاء عند الحنابلة والحنفية.ومن الفقهاء من فرق بين من أكل ظاناً بقاء الليل، ومن أكل ظاناً غروب الشمس، فأوجب القضاء على الثاني دون الأول أخذاً من قاعدة وهي: الشك في المبيح يضر والشك في المانع لا يضر، وتفصيل ذلك في كتب الفقه.رابعا: لو جامع يعتقده ليلاً فبان نهاراً، فإنه يقضي ولا يكفّر عند جمهور العلماء، وذهب الحنابلة في الصحيح من مذهبهم إلى وجوب القضاء والكفارة.وعن أحمد رواية أنه لا يقضي ولا يكفر. اختارها شيخ الإسلام ابن تيمية. وبهذا يظهر أن النسيان ليس عذراً في جميع الصور، كما أن الخطأ يفارق النسيان في بعض المسائل.","فإذا كنت تخشى خشية تستند إلى تجربة راسخة أو خبر طبيب ثقة أنك ستتضرر إذا لم تأخذ الدواء، ولم يمكن تناول الدواء في غير وقت الصيام. فلا حرج عليك في الإفطار؛
فتفطر وتقضي الأيام التي أفطرتها بعد رمضان،
وننصحك باستشارة الطبيب حول إمكانية تناول الدواء في غير وقت الصيام، فإن أخبرك بإمكانية ذلك فخذه، وإن زال عنك المرض لم يجز لك الفطر.
خلاصة الفتوى: من كان الصوم يسبب له مرضاً أو زيادة مرض أو تأخر برء أو يجد مشقة يشق احتمالها جاز له الفطر في رمضان، وتناول الدواء وغيره، سواء علم ذلك من خلال تجربته أو بإخبار الطبيب العارف،
ومن لم يكن كذلك لم يجز له الفطر، وإن كان يستعمل دواء عليه أن يؤخره لوقت الفطر.
فوصول الدواء إلى المعدة مفسد للصوم،
فإذا كنت تجد مشقة لا تحتمل بالصوم بوجود الألم المذكور أو كنت تخشى زيادة المرض أو تأخر برئه إذا لم تفطر فإن لك أن تقطع الصيام وتستعمل الدواء وتقضي فيما بعد،
وكذلك إذا أخبر الطبيب العارف بأن الصوم في هذه الحالة مضر بالصحة،
أما إذا كان الألم بسيطاً يستطيع معه مواصلة الصيام ولا يخشى زيادة المرض أو أخبره الطبيب أن الصيام غير مضر ففي هذه الحالة لا يجوز تناول الدواء أثناء الصيام ويجب التأخير إلى الفطر،
"
حكم الترويج لمنتجات لشركة مقابل عمولة مع شرط مسبق على المروّج بدفع مبلغ مالي,هذا حرام، ولا يجوز، وفيه ربا على المال المُعطى. وفيه غررٌ محرم. والترويج ستار لإخفاء ذلك، وليس هو مقصودًا ولا مُرادًا، وإنما المقصود أموال الناس وأخذها بهذه الطريقة، وإعطاؤهم جزءًا منها، بإيهامهم أنها عوائد على مهامٍّ. ولو كان المقصود الترويج مقابل عائد مالي، لم يكن هناك شرط على المروّج بدفع مبلغ مسبقًا. وفي لحظة معينة يتوقف هذا العمل فجأة، وتخسر الطبقة الأخيرة من الناس، بالاحتيال والنصب.,"عذرًا، لا أمتلك المعلومات الكافية حول هذا الموضوع.
 ","فما دامت الشركة تملك السلع قبل بيعها للزبون، وتبيعها بثمن محدد عند العقد، ولا تشترط شروطا محرمة كغرامات التأخر في السداد، فلا حرج في المساهمة فيها والانتفاع بما يكسب منها من أرباح، وأما كونها تزيد في الربح بسبب التقسيط فذلك لا حرج فيه، لأن الزمن له حصة من الثمن، والبيع بالعاجل ليس كالبيع بالآجل، جاء في قرار صادر عن المجمع الفقهي التابع لمنظمة المؤتمر الإسلامي: تجوز الزيادة في الثمن المؤجل عن الثمن الحال. اهـ.","فما دامت الشركة تملك السلع قبل بيعها للزبون، وتبيعها بثمن محدد عند العقد، ولا تشترط شروطا محرمة كغرامات التأخر في السداد، فلا حرج في المساهمة فيها والانتفاع بما يكسب منها من أرباح، وأما كونها تزيد في الربح بسبب التقسيط فذلك لا حرج فيه، لأن الزمن له حصة من الثمن، والبيع بالعاجل ليس كالبيع بالآجل، جاء في قرار صادر عن المجمع الفقهي التابع لمنظمة المؤتمر الإسلامي: تجوز الزيادة في الثمن المؤجل عن الثمن الحال. اهـ."
هل يوجد وقت خاص لقراءة سورة البقرة ؟,"فإنه يستحب الإكثار من قراءة القرآن الكريم عمومًا في الليل وفي النهار، وقد وردت أحاديث كثيرة تدل على فضل قراءة سورة البقرة ومنها: حديث: اقرءوا سورة البقرة فإن أخذها بركة، وتركها حسرة، ولا تستطيعها البطلة. رواه مسلم. وحديث:""إن الشيطان ينفر من البيت الذي تقرأ فيه سورة البقرة"". رواه مسلم، وحديث: أن الله عز وجل كتب كتاباً قبل أن يخلق السماوات والأرض بألفي عام أنزل منه آيتين ختم بهما سورة البقرة لا يقرآن في دار ثلاث ليال فيقر بها شيطان. رواه الترمذي والحاكم، والطبراني، وقال الهيثمي رجاله ثقات وصححه الألباني، وليس ثمة وقت خاص بقراءة سورة البقرة، فمن أراد أن يقرأها فليقرأها في أي وقت شاء، إلا أن قراءة القرآن في الثلث الأخير من الليل تفضل غيرها من الأوقات، سواء أكان ذلك بقراءة سورة البقرة أم غيرها من السور، لكونها أبعد عن الرياء وأدعى للخشوع، لقوله تعالى: مِنْ أَهْلِ الْكِتَابِ أُمَّةٌ قَائِمَةٌ يَتْلُونَ آيَاتِ اللَّهِ آنَاءَ اللَّيْلِ وَهُمْ يَسْجُدُونَ (آل عمران:113). وقوله: نعم الرجل عبد الله لو كان يصلي من الليل. رواه البخاري، يقول النووي: وإنما رجحت صلاة الليل وقراءته لكونها أجمع للقلب، وأبعد عن الشواغل والملهيات والتصرف في الحاجات، وأصونه عن الرياء وغيره من المحبطات، مع ما جاء الشرع به من إيجاد الخيرات في الليل، والله تعالى أعلم.","لا يوجد وقت خاص لقراءة سورة البقرة، يمكن قراءتها في أي وقت من النهار أو الليل، بشرط أن يكون القارئ طاهراً. يمكن قراءتها كل يوم أو كل يومين أو كل أسبوع، وينصح بالإكثار من قراءتها والمداومة عليها.
- **الأدلة الشرعية:**
    - **القرآن الكريم:**
        - `""مِنْ أَهْلِ الْكِتَابِ أُمَّةٌ قَائِمَةٌ يَتْلُونَ آيَاتِ اللَّهِ آنَاءَ اللَّيْلِ وَهُمْ يَسْجُدُونَ""` - سورة آل عمران، الآية 113
    - **الحديث النبوي:**
        - `""اقْرَءُوا الْقُرْآنَ فَإِنَّهُ يَأْتِي يَوْمَ الْقِيَامَةِ شَفِيعًا لِأَصْحَابِهِ، اقْرَءُوا الزَّهْرَاوَيْنِ الْبَقَرَةَ، وَسُورَةَ آلِ عِمْرَانَ، فَإِنَّهُمَا تَأْتِيَانِ يَوْمَ الْقِيَامَةِ كَأَنَّهُمَا غَمَامَتَانِ، أَوْ كَأَنَّهُمَا غَيَايَتَانِ، أَوْ كَأَنَّهُمَا فِرْقَانِ مِنْ طَيْرٍ صَوَافَّ، تُحَاجَّانِ عَنْ أَصْحَابِهِمَا""` - رواه مسلم
        - `""إِنَّ لِكُلِّ شَيْءٍ سَنَامًا، وَإِنَّ سَنَامَ الْقُرْآنِ سُورَةُ الْبَقَرَةِ، مَنْ قَرَأَهَا فِي بَيْتِهِ لَيْلًا لَمْ يَدْخُلِ الشَّيْطَانُ بَيْتَهُ ثَلَاثَ لَيَالٍ، وَمَنْ قَرَأَهَا نَهَارًا لَمْ يَدْخُلِ الشَّيْطَانُ بَيْتَهُ ثَلَاثَةَ أَيَّامٍ""` - رواه ابن حبان
        - `""يُقَالُ لِصَاحِبِ الْقُرْآنِ اقْرَأْ وَارْتَقِ، وَرَتّلْ كَمَا كُنْتَ تُرَتّلُ في الدّنْيَا؛ فإِنّ مَنْزِلَتكَ عِنْدَ آخِرِ آيةٍ تَقْرَؤُهَا""` - رواه الترمذي وأبو داود وأحمد

 ","فإن قراءة سورة البقرة ليس لها وقت محدد، فلمن أراد ذلك أن يقرأها في المصحف وفي غير المصحف إن كان يحفظها، سواء في ذلك الليل والنهار، لكن بشرط أن يكون غير جنب، لأن الجنب لا يقرأ القرآن، وكذلك إن قرأها من المصحف فلا بد من الطهارة الكاملة، لأن القرآن لا يمسه إلا طاهر على مذهب جمهور الفقهاء، ولمعرفة ما ورد في شأن قراءة سورة البقرة يرجى الاطلاع على الفتوى رقم: 58076 كما أن على من أراد أن يقرأ القرآن أن يبتعد عن أماكن اللغط والأصوات المرتفعة ومجامع أهل السفه. وللفائدة يرجى مراجعة الفتاوى التالية: 1635، 6592، 12540.

فيستحب الإكثار من قراءة القرآن عمومًا في الليل وفي النهار، وليس ثمة وقت خاص بقراءة سورة البقرة، فمن أراد أن يقرأها فليقرأها في أي وقت شاء، كما نبهنا عليه في الفتوى: 62675. لكن دلت بعض النصوص على أفضلية قراءة الليل في العموم، لكونها أبعد عن الرياء وأدعى للخشوع، وهذا يشمل البقرة وغيرها من سور القرآن، قال الله تعالى: مِنْ أَهْلِ الْكِتَابِ أُمَّةٌ قَائِمَةٌ يَتْلُونَ آيَاتِ اللَّهِ آنَاءَ اللَّيْلِ وَهُمْ يَسْجُدُونَ [آل عمران:113]. وقال: نعم الرجل عبد الله لو كان يصلي من الليل. رواه البخاري. وكان إبراهيم النخعي يقول: اقرءوا من الليل ولو حلب شاة. قال النووي في كتابه التبيان: وإنما رجحت صلاة الليل وقراءته لكونها أجمع للقلب، وأبعد عن الشواغل والملهيات والتصرف في الحاجات، وأصونه عن الرياء وغيره من المحبطات، مع ما جاء الشرع به من إيجاد الخيرات في الليل. اهـ. ثم إن أوقات الليل متفاوتة في الأفضلية، وأفضلها ثلث الليل الأخير؛ قال العلامة/ محمد مولود الشنقيطي -رحمه الله-: والليل أفضل وقوت التالي وأفضل الليل النصيف التالي. وقال الشيخ/ صلاح عبد الفتاح الخالدي في كتابه مفاتيح للتعامل مع القرآن: وأفضل الأوقات ما كان في الثلث الأخير من الليل وقت السحر، ثم قراءة الليل، ثم قراءة الفجر، ثم قراءة الصبح، ثم قراءة باقي أوقات النهار. اهـ. ولا حرج في قراءة سورتين يوميًّا أو أكثر أو أقل، لكن ينبغي لمن لا عذر له أن لا تمر عليه أربعون يومًا دون أن يختم القرآن الكريم، كما أسلفنا في الفتوى رقم: 146899.

فليس هنالك وقت محدد تلزم فيه قراءة سورة البقرة، فيجوز لك أن تقرأها كل يوم، أو كل يومين، أو كل أسبوع مرة، غير أن الإكثار من قراءتها والمداومة عليها، أمر مرغب فيه، ومأجور عليه فاعله- إن شاء الله تعالى؛ فقد روى مسلم وغيره عن أًبِي أُمَامَةَ الْبَاهِلِيُّ، قَالَ: سَمِعْتُ رَسُولَ اللهِ صَلَّى اللهُ عَلَيْهِ وَسَلَّمَ، يَقُولُ: اقْرَءُوا الْقُرْآنَ فَإِنَّهُ يَأْتِي يَوْمَ الْقِيَامَةِ شَفِيعًا لِأَصْحَابِهِ، اقْرَءُوا الزَّهْرَاوَيْنِ الْبَقَرَةَ، وَسُورَةَ آلِ عِمْرَانَ، فَإِنَّهُمَا تَأْتِيَانِ يَوْمَ الْقِيَامَةِ كَأَنَّهُمَا غَمَامَتَانِ، أَوْ كَأَنَّهُمَا غَيَايَتَانِ، أَوْ كَأَنَّهُمَا فِرْقَانِ مِنْ طَيْرٍ صَوَافَّ، تُحَاجَّانِ عَنْ أَصْحَابِهِمَا، اقْرَءُوا سُورَةَ الْبَقَرَةِ، فَإِنَّ أَخْذَهَا بَرَكَةٌ، وَتَرْكَهَا حَسْرَةٌ، وَلَا تَسْتَطِيعُهَا الْبَطَلَةُ. قَالَ مُعَاوِيَةُ: بَلَغَنِي أَنَّ الْبَطَلَةَ: السَّحَرَةُ. ومن خصائص سورة البقرة أن من قرأها في بيت لم تدخله مردة الشياطين ثلاث ليال؛ ففي صحيح ابن حبان عَنْ سَهْلِ بْنِ سَعْدٍ، قَالَ: قَالَ رَسُولُ اللَّهِ صَلَّى اللَّهُ عَلَيْهِ وَسَلَّمَ: إِنَّ لِكُلِّ شَيْءٍ سَنَامًا، وَإِنَّ سَنَامَ الْقُرْآنِ سُورَةُ الْبَقَرَةِ، مَنْ قَرَأَهَا فِي بَيْتِهِ لَيْلًا لَمْ يَدْخُلِ الشَّيْطَانُ بَيْتَهُ ثَلَاثَ لَيَالٍ، وَمَنْ قَرَأَهَا نَهَارًا لَمْ يَدْخُلِ الشَّيْطَانُ بَيْتَهُ ثَلَاثَةَ أَيَّامٍ. قَالَ أَبُو حَاتِمٍ:(وهو أحد رواة هذا الحديث): قَوْلُهُ صَلَّى اللَّهُ عَلَيْهِ وَسَلَّمَ:«لَمْ يَدْخُلِ الشَّيْطَانُ بَيْتَهُ ثَلَاثَةَ أَيَّامٍ»، أَرَادَ بِهِ مَرَدَةَ الشَّيَاطِينِ دُونَ غَيْرِهِمْ. ومن خصائصها أيضا أن فيها آيتين من قرأهما في ليلة كفتاه، كما ثبت في صحيح البخاري وغيره: من قرأ بالآيتين من آخر سورة البقرة في ليلة كفتاه. جاء في الديباج على مسلم: قيل معناه من قيام الليل، وقيل من الشيطان، وقيل من الآفات، ويحتمل من الجميع. اهـ. وتراجع للفائدة الفتوى رقم: 137848، والفتوى رقم: 132057. والإكثار من قراءة القرآن عامة فيه الخير الكثير، والنفع العميم؛ فقد أخرج الترمذي وأبو داود وأحمد عن عبد الله بن عمرو- رضي الله عنهما- أن رسول الله قال: يُقَالُ لِصَاحِبِ الْقُرْآنِ اقْرَأْ وَارْتَقِ، وَرَتّلْ كَمَا كُنْتَ تُرَتّلُ في الدّنْيَا؛ فإِنّ مَنْزِلَتكَ عِنْدَ آخِرِ آيةٍ تَقْرَؤُهَا. قال المنذري في الترغيب: قال الخطابي: جاء في الأثر أن عدد آي القرآن على قدر درج الجنة في الآخرة. فيقال للقارئ: ارق في الدرج على قدر ما كنت تقرأ من آي القرآن، فمن استوفى قراءة جميع القرآن، استولى على أقصى درج الجنة في الآخرة، ومن قرأ جزءً منه كان رقيه في الدرج على قدر ذلك، فيكون منتهى الثواب عند منتهى القراءة. انتهى من تحفة الأحوذي بشرح جامع الترمذي.
","فإن قراءة سورة البقرة ليس لها وقت محدد، فلمن أراد ذلك أن يقرأها في المصحف وفي غير المصحف إن كان يحفظها، سواء في ذلك الليل والنهار، لكن بشرط أن يكون غير جنب، لأن الجنب لا يقرأ القرآن، وكذلك إن قرأها من المصحف فلا بد من الطهارة الكاملة، لأن القرآن لا يمسه إلا طاهر على مذهب جمهور الفقهاء.
وليس ثمة وقت خاص بقراءة سورة البقرة، فمن أراد أن يقرأها فليقرأها في أي وقت شاء، كما نبهنا عليه في الفتوى: 62675.
فليس هنالك وقت محدد تلزم فيه قراءة سورة البقرة، فيجوز لك أن تقرأها كل يوم، أو كل يومين، أو كل أسبوع مرة، غير أن الإكثار من قراءتها والمداومة عليها، أمر مرغب فيه، ومأجور عليه فاعله- إن شاء الله تعالى
"
حكم التجاره بالذهب على انه سلعه وتاخير الدفع الى اجل,فإن الذهب يعد أحد الأصناف الربوية التي اشترطت الشريعة لتبادلها تساوي مقدار البدلين (مثلاً بمثل) لما ورد عن النبي أنه قال:(«الذَّهَبُ بِالذَّهَبِ مِثْلًا بِمِثْلٍ، وَالوَرِقُ بِالوَرِقِ مِثْلًا بِمِثْلٍ»)[صحيح البخاري: رقم 2176]. وذلك بغض النظر عن نوعية هذا الذهب وعياره أو جودته أو رداءته، أو على اعتباره مسوغاً أم سبائك، وأي اختلاف في قدر المتبادلين من الذهب -وإن اختلفا في الجودة أو العيار- يعتبر من ربا الفضل المحرم شرعاً. والنقود المعاصرة تعامل معاملة الذهب والفضة، فيشرط تحقق التقابض المباشر دون تأجيل للثمن عند التبادل بين النقود وبين الذهب أو الفضة. ويرى الفقهاء أن الذهب نقد بالخلقة، أي أنه وجد أساسا ليكون نقدا للتبادل والاحتفاظ بالقيمة. ولا يزال تعامل الناس على هذا باعتبارهم الذهب وسيلة لحفظ القيمة، والاحتفاظ بالنقود بغير الصورة النقدية المعروفه (النقد الكاش) فيحتفظون بأموالهم من خلال الذهب. وحتى في المهر المقدم في الزواج فإن كثيرا من الأزواج يحتفظون بهذا الذهب للظروف الطارئة وحاجتهم للنقود، إضافة للزينة. وعليه فان الذهب وإن كان مصاغا او على شكل حلي للزينة فإنها تغلب عليه صفة النقد.فلا يجوز بيعه وشراؤهإالا بالثمن الحال (الكاش) تحقيقا لشرط التقابض، ولا يجوز بيع الذهب بالثمن الآجل أو من خلال تقابض المرابحة، وبهذا صدرت قرارات مجمع الفقه الاسلامي ومعايير هيئة المحاسبة والمراجعة للمؤسسات المالية الإسلامية.,"حكم التجارة بالذهب على أنه سلعة وتأخير الدفع إلى أجل هو أنه لا يجوز. وفقًا للشروط الصحيحة لبيع وشراء الذهب بالنقود، يشترط التقابض في مجلس العقد بين البائع والمشتري دون تأخير شيء من الثمن أو المثمن. هذا يعني أن الدفع يجب أن يكون على الفور، دون أي تأخير أو تقسيط.

تأخير الدفع إلى أجل يُعتبر ربا نسيئة، وهو نوع من الربا الذي يحرمه الإسلام. لذلك، لا يجوز بيع الذهب أو شراؤه بالنقود مع تأخير الدفع إلى أجل، لأن ذلك يخالف الشروط الصحيحة لبيع وشراء الذهب.

كما أن استخدام بطاقات الفيزا أو غيرها من وسائل الدفع التي تتطلب أيامًا حتى يقبض البائع الثمن يُعتبر بيعًا بالأجل أو الآجال، وهو غير جائز. ومع ذلك، إذا كان الثمن المدفوع عن طريق الفيزا يضاف إلى حساب البائع فورًا وفي الحال، فإن البيع بهذه الطريقة يُعتبر جائزًا.

من المهم أن نلاحظ أن كل أنواع الربا، سواء كانت ربا نسيئة أو ربا فضل، تعتبر خبيثة ولا يُتقرب إلى الله بها. لذلك، يجب أن نحرص على اتباع الشروط الصحيحة لبيع وشراء الذهب بالنقود، وعدم التعامل بالربا بأي شكل من الأشكال.
**الأدلة الشرعية:**
- `""الذهب بالذهب مثلاً بمثل يداً بيد، والفضة بالفضة مثلاً بمثل يد بيد، فإذا اختلف هذه الأصناف فبيعوا كيف شئتم إذا كان يداً بيد""` - رواه مسلم.
- `""إنما الأعمال بالنيات""` - صحيح البخاري، حديث رقم 1، صحيح. 
**الأدلة القانونية:**
لا توجد أدلة قانونية مباشرة في النص.

 ","فبيع وشراء الذهب بالنقود يشترط فيه التقابض في مجلس العقد بين ا لبائع والمشتري دون تأخير شيء من الثمن أو المثمن، لحديث: الذهب بالذهب مثلاً بمثل يداً بيد، والفضة بالفضة مثلاً بمثل يد بيد، فإذا اخت لفت هذه الأصناف فبيعوا كيف شئتم إذا كان يداً بيد. رواه مسلم. وعليه فالتفرق قبل التقابض يبطل العقد ويصير كأن لم يكن، وتصحيح ذلك بالرجوع إلى البائع ودفع الذهب إليه وأخذ المال، ثم إجراء عقد صحيح من جديد مع ذلك البائع أو غيره.

فإن بيع الذهب بالنقد يشترط فيه التقابض في مجلس العقد فلا يشتري بالأجل أو الآجال بالتقسيط، والشراء عن طريق الفيزا من البيع بالأجل أو الآجال لأن الدفع بهذه البطاقات يحتاج إلى أيام حتى يقبض البائع الثمن. لكن إن كان الثمن المدفوع عن طريق الفيزا يضاف إلى حساب البائع فورا وفي الحال، فإن البيع بهذه الطريقة جائز لتحقق القبض في مجلس العقد. وعلى الافتراض الأول وهو الغالب فإن البيع لم يقع لعدم صحته، ويبقى المبلغ الذي سحبه البائع أمانة عنده حتى يأتي صاحبه يوما من الدهر. وعلى الأخ السائل أن يمتنع عن مثل هذا البيع ويتوب إلى الله تعالى، وعلى الافتراض الثاني فالبيع صحيح ويبقى الذهب عند البائع أمانة حتى يأتي صاحبه لأخذه.

فمن شروط صحة بيع الذهب وشرائه بالنقود: قبض البدلين -الذهب وثمنه- في مجلس العقد، فلا يجوز تأخير أيٍّ منهما عن مجلس العقد. وعليه؛ فلا تجوز المتاجرة ببيع الذهب وشرائه بالنقود عن طريق مواقع الإنترنت والتطبيقات الإلكترونية، إذا اختل شرط التقابض، ولو كان ثمن الذهب عند شرائه في المتاجر الاعتيادية أغلى من المتاجر الالكترونية. وكذا لا تجوز المتاجرة بهذه الطريقة، ولو كانت نسبة 5% من ثمنه في سبيل الله؛ فإن ذلك كله لا يبيح التعامل بالربا، سواء كان ربا نسيئة، أو ربا فضل، فكل الربا خبيث، ولا يُتقرب إلى الله به؛ فإنه سبحانه طيب لا يقبل إلا طيبا. وانظر في بيان كيفية تحقق قبض الذهب عند بيعه بالنقود الفتوى: 478474. والفتويين المحال عليهما فيها.","فبيع وشراء الذهب بالنقود يشترط فيه التقابض في مجلس العقد بين ا لبائع والمشتري دون تأخير شيء من الثمن أو المثمن، لحديث: الذهب بالذهب مثلاً بمثل يداً بيد، والفضة بالفضة مثلاً بمثل يد بيد، فإذا اخت لفت هذه الأصناف فبيعوا كيف شئتم إذا كان يداً بيد.
وعليه فالتفرق قبل التقابض يبطل العقد ويصير كأن لم يكن.
فإن بيع الذهب بالنقد يشترط فيه التقابض في مجلس العقد فلا يشتري بالأجل أو الآجال بالتقسيط.
والشراء عن طريق الفيزا من البيع بالأجل أو الآجال لأن الدفع بهذه البطاقات يحتاج إلى أيام حتى يقبض البائع الثمن.
لكن إن كان الثمن المدفوع عن طريق الفيزا يضاف إلى حساب البائع فورا وفي الحال، فإن البيع بهذه الطريقة جائز لتحقق القبض في مجلس العقد.
فمن شروط صحة بيع الذهب وشرائه بالنقود: قبض البدلين -الذهب وثمنه- في مجلس العقد، فلا يجوز تأخير أيٍّ منهما عن مجلس العقد.
وعليه؛ فلا تجوز المتاجرة ببيع الذهب وشرائه بالنقود عن طريق مواقع الإنترنت والتطبيقات الإلكترونية، إذا اختل شرط التقابض، ولو كان ثمن الذهب عند شرائه في المتاجر الاعتيادية أغلى من المتاجر الالكترونية.
وكذا لا تجوز المتاجرة بهذه الطريقة، ولو كانت نسبة 5% من ثمنه في سبيل الله؛ فإن ذلك كله لا يبيح التعامل بالربا، سواء كان ربا نسيئة، أو ربا فضل، فكل الربا خبيث، ولا يُتقرب إلى الله به؛ فإنه سبحانه طيب لا يقبل إلا طيبا."
حكم حضور المناسبات الاجتماعية التي تمارس فيها المنكرات,الاصل في المسلم أن يقصد المواضع التي ينال فيها الاجر وأن يجتنب تلك التي تكتنفها الشبهات أو يقع فيها الحرام، وواجب المسلم تجاه هذه المناسبات أن ينصح أهلها- خاصة إن كان له كلمة تسمع عندهم- بترك المنكرات والحرام الذي فيها، فإن هم استجابوا فله الاجر، وإن لم يفعلوا فيكفيه أجر النصيحة والامر بالمعروف والنهي عن المنكر، أما أن يذهب إلى هذه المناسبات بما فيها من ارتكاب للمحرمات والاختلاط الفاحش المبتذل فلا يجوز، ولو كلفه ذلك غضب أصحابها ومقاطعتهم له، هو يبين لهم موقفه وينصح لهم بالحسنى ويوضح لهم حرمة ما يفعلون، ولا عليه بعد ذلك ماذا يقروون. لأن رضا الله أهم من رضا الناس، وما دام قد فعل ما فعل إرضاء لله تعالى، فالله حسبه وسيكفيه الاخرين، وحسبه في هذا المقام قول الرسول عليه الصلاة والسلام:{ مَن التمَس رضا اللهِ بسخَطِ النَّاسِ رضِي اللهُ عنه وأرضى النَّاسَ عنه ومَن التمَس رضا النَّاسِ بسخَطِ اللهِ سخِط اللهُ عليه وأسخَط عليه النَّاسَ},"حضور المناسبات الاجتماعية التي تمارس فيها المنكرات لا يجوز، حيث إنها تشمل على أفعال محرمة مثل الاختلاط الفاحش بين الجنسين، كشف العورات، والمصافحة، والخمور والموسيقى. يُعتبر حضور مثل هذه المناسبات مخالفًا للقيم الشرعية، ويمكن أن يؤدي إلى المشاركة في الأفعال المحرمة أو التسامح معها. من المهم أن يلتزم الفرد بالقيم الشرعية ويبتعد عن أي عمل أو مناسبة تشمل على منكرات.
**الأدلة الشرعية:**
- **القرآن الكريم:**
    - `""وَتَعَاوَنُوا عَلَى الْبِرِّ وَالتَّقْوَى وَلَا تَعَاوَنُوا عَلَى الْإِثْمِ وَالْعُدْوَانِ وَاتَّقُوا اللَّهَ إِنَّ اللَّهَ شَدِيدُ الْعِقَابِ""` - سورة المائدة، الآية 2
    - `""وَمَنْ يَتَّقِ اللَّهَ يَجْعَلْ لَهُ مَخْرَجًا* وَيَرْزُقْهُ مِنْ حَيْثُ لَا يَحْتَسِبُ* وَمَنْ يَتَّقِ اللَّهَ يَجْعَلْ لَهُ مِنْ أَمْرِهِ يُسْرًا ""` - سورة الطلاق، الآية 2-4
- **الحديث النبوي:**
    - `""من أرضى الله بسخط الناس، كفاه الله الناس، ومن أسخط الله برضى الناس، وكله الله إلى الناس""` - رواه الترمذي وابن حبان وأبو نعيم، وصححه الألباني
    - `""من التمس رضى الله بسخط الناس رضي الله عنه وأرضى الناس عنه، ومن التمس رضى الناس بسخط الله سخط الله عليه وأسخط عليه الناس""` - رواه الترمذي وابن حبان وأبو نعيم، وصححه الألباني
    - `""من يستعف يعفه الله، ومن يتصبر يصبره الله""` - متفق عليه
    - `""إنك لن تدع شيئا اتقاء الله عز وجل إلا أعطاك الله خيرا منه""` - رواه أحمد وصححه الألباني

 ","فلا يجوز حضور الحفلات التي فيها منكرات شرعية، كالاختلاط المشين بين الرجال والنساء، والغناء المحرم، والرقص والمعازف، وراجعي في ذلك الفتويين رقم: 102825، ورقم: 265726. وسخط الناس لا يبرر معصية الله تعالى، ورضاهم لا ينفع المرء إذا أسخط ربه سبحانه، كما قال رسول الله: من أرضى الله بسخط الناس، كفاه الله الناس، ومن أسخط الله برضى الناس، وكله الله إلى الناس. وفي رواية: من التمس رضى الله بسخط الناس رضي الله عنه وأرضى الناس عنه، ومن التمس رضى الناس بسخط الله سخط الله عليه وأسخط عليه الناس. رواه الترمذي وابن حبان وأبو نعيم، وصححه الألباني. وراجعي الفتوى رقم: 63634. هذا، مع ما في الاحتفال بأعياد الميلاد، وأعياد الزواج، من مخالفة من حيث الأصل، وراجعي في ذلك الفتويين رقم: 11559، ورقم: 123636.

فإذا كانت هذه المناسبات يغلب عليها المنكرات كما ذكرت، فلا تجوز المشاركة في تمويلها, والتعاون إنما يكون على المعروف والخير، كما قال الله تعالى: وَتَعَاوَنُوا عَلَى الْبِرِّ وَالتَّقْوَى وَلَا تَعَاوَنُوا عَلَى الْإِثْمِ وَالْعُدْوَانِ وَاتَّقُوا اللَّهَ إِنَّ اللَّهَ شَدِيدُ الْعِقَابِ {المائدة:2}. وللفائدة انظر الفتاوى ذات الأرقام التالية: 59717، 198575، 57442.

فلا شك أن حضور مثل هذه الحفلات ـ فضلا عن إقامتها ـ لا يجوز؛ لاشتمالها على منكرات ومحاذير شرعية، كالاختلاط الفاحش بين الجنسين، وكشف العورات والمصافحة، والخمور والموسيقى، ونحو ذلك مما لا يخفى في مثل هذه الحفلات، وراجعي في ذلك الفتاوى ذوات الأرقام التالية: 119869، 19109، 131. والعمل الذي يلزم صاحبه بحضور مثل هذه الحفلات لا يجوز، ويتأكد هذا في حال الاختيار، وقد ذكرت الأخت السائلة أن هذا السفر غير إجباري، وتوفير قدر أكبر من المال لا يسوِّغ ارتكاب الحرام. فلذلك نقول: إن لم يستطع زوجك أن يتجنب هذه المنكرات في سفره وسيلزم بها ولا بد فلا يجوز له السفر، وعندئذ فليبشر إن ترك ذلك ابتغاء مرضاة الله تعالى؛ فقد قال رسول الله: من يستعف يعفه الله، ومن يتصبر يصبره الله. متفق عليه. وقال: إنك لن تدع شيئا اتقاء الله عز وجل إلا أعطاك الله خيرا منه. رواه أحمد وصححه الألباني. فمن ترك شيئا لله عوضه الله خيرا منه، ويسر له أمره، ورزقه من حيث لا يحتسب، كما قال تعالى: وَمَنْ يَتَّقِ اللَّهَ يَجْعَلْ لَهُ مَخْرَجًا* وَيَرْزُقْهُ مِنْ حَيْثُ لَا يَحْتَسِبُ* وَمَنْ يَتَّقِ اللَّهَ يَجْعَلْ لَهُ مِنْ أَمْرِهِ يُسْرًا *{الطلاق:4}.
","فلا يجوز حضور الحفلات التي فيها منكرات شرعية، كالاختلاط المشين بين الرجال والنساء، والغناء المحرم، والرقص والمعازف.
فلا شك أن حضور مثل هذه الحفلات ـ فضلا عن إقامتها ـ لا يجوز؛ لاشتمالها على منكرات ومحاذير شرعية، كالاختلاط الفاحش بين الجنسين، وكشف العورات والمصافحة، والخمور والموسيقى، ونحو ذلك مما لا يخفى في مثل هذه الحفلات.
والعمل الذي يلزم صاحبه بحضور مثل هذه الحفلات لا يجوز."
سب الله والرسول والتوبة عن ذلك,بداية الشعور بالذنب والالم على ارتكاب معصية هو أمر إيجابي ويدل على الخير في نفس صاحبه خاصة بعد توبته وأوبته إلى الله سبحانه وتعالى، ولكن من الخطأ أن يحملنا الألم والندم على القنوط من رحمة الله تعالى بل إن هذا مخالف لمنهج القرآن الكريم وسنة نبينا العظيم، حيث يدعو الله سبحانه العصاة من عباده إلى الاقبال عليه والعودة إلى صراطه المستقيم فيقول جلّ شأنه :( قل يا عبادي الذين أسرفوا على أنفسهم لا تقنطوا من رحمة الله إن الله يغفر الذنوب جميعا إنه هو الغفور الرحيم) هذا حاله سبحانه ورفقه بالعاصين فكيف يكون الحال مع التائبين؟! لذا اجعل من خطأك سبيلا لتعزيز علاقتك بالله سبحانه وتقوية صلتك به ولا تذكره ولا تتذكره وأقبل على الله سبحانه بحب ورجاء فالله سبحانه غفور رحيم.,"سب الله والرسول يُعتبر من الذنوب الكبيرة التي يجب على المسلم أن يتوب منها. التوبة عن هذا الذنب تتطلب الإقلاع الفوري عن هذا العمل، والندم عليه، والعزم على عدم تكراره مرة أخرى. بالإضافة إلى ذلك، يجب على المسلم أن يتحلَّل من أي حق آدمي قد أثر عليه سب الله والرسول، مثل إصلاح العلاقة مع الله والرسول والآخرين.

التوبة من هذا الذنب لا يجب تأخيرها، لأن التأخير يُعتبر عصيانًا إضافيًا. يجب على المسلم أن يتوب على الفور، وأن يلتزم بالتوبة ثلاثة أركان: الإقلاع عن الذنب، والندم عليه، والعزم على عدم تكراره. إذا كان هناك حق آدمي متأثر، فيجب إضافة ركن رابع وهو التحلّل من صاحب ذلك الحق.

من المهم أن ندرك أن التوبة هي عملية إيجابية وضرورية لتحسين العلاقة مع الله والآخرين. يجب على المسلم أن يبذل الجهد اللازم لضمان أن توبته تكون صادقة وفعّالة، وأن يلتزم بالتوبة على المدى الطويل.
**الأدلة الشرعية:**

- `""وَالَّذِينَ جَاهَدُوا فِينَا لَنَهْدِيَنَّهُمْ سُبُلَنَا وَإِنَّ اللَّهَ لَمَعَ الْمُحْسِنِينَ""` - سورة العنكبوت، الآية 69
- `""إِنَّ الشَّيْطَانَ لَكُمْ عَدُوٌّ فَاتَّخِذُوهُ عَدُوًّا""` - سورة فاطر، الآية 6
- `""يا أَيُّهَا الَّذِينَ آمَنُوا لا تَتَّبِعُوا خُطُوَاتِ الشَّيْطَانِ وَمَن يَتَّبِعْ خُطُوَاتِ الشَّيْطَانِ فَإِنَّهُ يَأْمُرُ بِالْفَحْشَاءِ وَالْمُنْكَرِ""` - سورة النور، الآية 21
- `""وَالَّذِينَ إِذَا فَعَلُوا فَاحِشَةً أَوْ ظَلَمُوا أَنفُسَهُمْ ذَكَرُوا اللَّهَ فَاسْتَغْفَرُوا لِذُنُوبِهِمْ وَمَن يَغْفِرُ الذُّنُوبَ إِلَّا اللَّهُ وَلَمْ يُصِرُّوا عَلَى مَا فَعَلُوا وَهُمْ يَعْلَمُونَ""` - سورة آل عمران، الآية 135
- `""إني قريب أجيب دعوة الداع إذا دعان""` - سورة البقرة، الآية 186
- `""كل بني آدم خطاء، وخير الخطائين التوابون""` - رواه الترمذي
- `""قال الله تعالى: من عادى لي ولياً فقد آذنته بالحرب، وما تقرب إلي عبدي بشيء أحب إلي مما افترضته عليه، وما يزال عبدي يتقرب إلى بالنوافل حتى أحبه، فإذا أحببته كنت سمعه الذي يسمع به، وبصره الذي يبصر به، ورجله التي يمشي بها، ويده التي يبطش بها، وإن سألني لأعطينه، ولئن استعاذني لأعيذنه""` - رواه البخاري

 ","فلم تبين لنا ما هو هذا الذنب الذي تفعله لئلا تقع في ذنبين آخرين، وقد يكون هذا الذنب من الكبائر فيربو إثمه على كثير من الذنوب الصغيرة. وعلى كل حال؛ فالواجب على المسلم أن يتوب من جميع الذنوب صغيرها والكبير، دقيقها والجليل، وليعلم أنه قد يحتقر الذنب، ويحسبه هينًا وهو عند الله عظيم، وليس لأحد عذر قط في مواقعة ما يعلم كونه معصية لله تعالى إلا أن يكون مكرهًا إكراهًا معتبرًا شرعًا، وما ذكرته ليس عذرًا يبيح لك فعل هذا الذنب، نعم قد يكون إثمه أخف من هذين الذنبين، وقد يكون كذلك أكبر منهما، وهذا يتوقف على معرفة ماهية هذه الذنوب. وعلى كل حال؛ فالواجب عليك أن تتوب إلى الله تعالى من هذا الذنب المفرد، ومن هذين الذنبين، ومن سائر الذنوب، وأن تستقيم على شرع الله تعالى محافظًا على الواجبات مكثرًا من فعل النوافل مجتنبًا لجميع المحرمات، ولتخش عقاب ربك تعالى؛ فإن ربك شديد العقاب، ولتحذر عاقبة المعاصي؛ فإن عاقبتها وخيمة، ولتعلم أن التهاون بالذنوب وإن كانت صغائر يجرّ إلى فعل ما هو أعظم منها، فإن المعاصي يأخذ بعضها برقاب بعض، ويدعو بعضها إلى فعل بعض، واستعن على التوبة بصحبة الصالحين، والاجتهاد في الدعاء والتضرع لله تعالى أن يتوب عليك، ودوام الفكرة في الآخرة وما أعد الله فيها من ثواب للطائعين وعقاب للعاصين المخالفين، واعلم أن من جاهد نفسه لله تعالى أعانه الله على نفسه، ويسر له سبيل الهداية، كما قال تعالى: وَالَّذِينَ جَاهَدُوا فِينَا لَنَهْدِيَنَّهُمْ سُبُلَنَا وَإِنَّ اللَّهَ لَمَعَ الْمُحْسِنِينَ {العنكبوت:69}. نسأل الله أن يرزقنا وإياك توبة نصوحًا.

فإن الشيطان حريص على إغواء العبد، وقد أقسم بعزة الله على ذلك، قال الله تعالى حاكياً عنه:(فبعزتك لأغوينهم أجمعين*إلا عبادك منهم المخلصين)[الحجر:82،83] والعبد المسلم لا بد أن يعلم أن الشيطان هو أعدى أعدائه، ولا بد أن يعامله معاملة العدو،(إن الشيطان لكم عدواً فاتخذوه عدواً)[فاطر:6] والوسائل التي تنجي من الوقوع في حبائل الشيطان وتبعد العبد عن معصية الله كثيرة منها: أولاً: مراقبة الله واستحضار عظمته وخصوصاً عند الخلوة، قال الشاعر: إذا ما خلوت الدهر يوماً فلا تقل خلوت ولكن قل علي رقيبولا تحسبن الله يغفل ســاعـة ولا أن ما تخفي عليه يغيـبوقال الآخر: وإذا خلوت بريبة في ظلمة والنفس داعية إلى الطغيانفاستحي من نظر الإله وقل لها إن الذي خلق الظلام يرانيثانيا: عدم الإنسياق وراء خطوات الشيطان، قال تعالى:(يا أيها الذين آمنوا لا تتبعوا خطوات الشيطان ومن يتبع خطوت الشيطان فإنه يأمر بالفحشاء والمنكر)[النور:21] فخطوات الشيطان كالسلسلة من انساق وراءها لم تنته.وكل خطوة أعظم من التي قبلها، إلا أن يتدارك الإنسان نفسه بالإقلاع والتوبة.ثالثاً: التوبة من كل ذنب، فالذنب قد يحصل من المسلم، ولكن الواجب عند ذلك هو الإقلاع والتوبة، وليس الاستمرار والإصرار، قال تعالى:(والذين إذا فعلوا فاحشة أو ظلموا أنفسهم ذكروا الله فاستغفروا لذنوبهم ومن يغفر الذنوب إلا الله ولم يصروا على ما فعلوا وهم يعلمون)[آل عمران: 135] وقال :""كل بني آدم خطاء، وخير الخطائين التوابون"" رواه الترمذي.رابعاً: تذكر الموت ولقاء الله، فإن من تذكر أن الموت يأتي بغتة، وأنه سيلقى الله وسيسأله عن عمله، فإنه سيرتدع عن الذنب.خامساً: اللجوء إلى الله بالدعاء بأن يوفقه لفعل الطاعات، وترك المنكرات، والله لن يخيب من دعاه، قال سبحانه:(إني قريب أجيب دعوة الداع إذا دعان.)[البقرة:186]سادساً: الإكثار من النوافل بعد المحافظة على الفرائض فإن من أكثر من النوافل وفقه الله وسدد خطاه، فقد روى البخاري أن النبي قال:""قال الله تعالى: من عادى لي ولياً فقد آذنته بالحرب، وما تقرب إلي عبدي بشيء أحب إلي مما افترضته عليه، وما يزال عبدي يتقرب إلى بالنوافل حتى أحبه، فإذا أحببته كنت سمعه الذي يسمع به، وبصره الذي يبصر به، ورجله التي يمشي بها، ويده التي يبطش بها، وإن سألني لأعطينه، ولئن استعاذني لأعيذنه"" سابعاً: مجالسة الصالحين، وترك جلساء السوء، فإن جلساء السوء يجرون المرء إلى المعاصي، أما جلساء الخير فإنهم يرشدون المرء إلى الطاعات، وترك المنكرات بأقوالهم وأفعالهم.نسأل الله أن يوفقنا لطاعته، وأن يجنبنا معصيته.

فنسأل الله أن يهديك، وأن يصرف عنك السوء والفحشاء. واعلم أن التوبة واجبة على الفور، ولا يجوز تأخيرها، قال النووي في شرح صحيح مسلم: واتفقوا على أن التوبة من جميع المعاصي واجبة، وأنها واجبة على الفور، لا يجوز تأخيرها؛ سواء كانت المعصية صغيرة، أو كبيرة. اهـ. وقال ابن القيم في مدارج السالكين: المبادرة إلى التوبة من الذنب، فرض على الفور، ولا يجوز تأخيرها، فمتى أخّرها، عصى بالتأخير، فإذا تاب من الذنب، بقي عليه توبة أخرى، وهي توبته من تأخير التوبة، وقلّ أن تخطر هذه ببالِ التائب، بل عنده أنه إذا تاب من الذنب، لم يبق عليه شيء آخر، وقد بقي عليه التوبة من تأخير التوبة. اهـ. ومن أركان التوبة: العزم على عدم العودة إلى الذنب، قال النووي في شرح صحيح مسلم: التوبة لها ثلاثة أركان: الإقلاع، والندم على فعل تلك المعصية، والعزم على أن لا يعود إليها أبدا. فإن كانت المعصية لحق آدمي، فلها ركن رابع، وهو التحلّل من صاحب ذلك الحق، وأصلها الندم، وهو ركنها الأعظم. اهـ. فما ذكرته لا يعد توبة صحيحة، لكن لا ريب في أن الإقلال من ارتكاب المعصية أقل سوءًا، وأخف ضررًا من الإكثار منها. فيجب عليك أن تجاهد نفسك في التوبة النصوح من فعل العادة السرية، بالإقلاع الفوري عنها، والندم على ما مضى منها، والعزم على عدم العودة إليها. وراجع في ذكر بعض الوسائل المعينة على التخلص من العادة السرية الفتوى: 7170.
","فالواجب على المسلم أن يتوب من جميع الذنوب صغيرها والكبير، دقيقها والجليل
ثالثاً: التوبة من كل ذنب، فالذنب قد يحصل من المسلم، ولكن الواجب عند ذلك هو الإقلاع والتوبة، وليس الاستمرار والإصرار
واعلم أن التوبة واجبة على الفور، ولا يجوز تأخيرها
واتفقوا على أن التوبة من جميع المعاصي واجبة، وأنها واجبة على الفور، لا يجوز تأخيرها؛ سواء كانت المعصية صغيرة، أو كبيرة.
المبادرة إلى التوبة من الذنب، فرض على الفور، ولا يجوز تأخيرها، فمتى أخّرها، عصى بالتأخير، فإذا تاب من الذنب، بقي عليه توبة أخرى، وهي توبته من تأخير التوبة.
التوبة لها ثلاثة أركان: الإقلاع، والندم على فعل تلك المعصية، والعزم على أن لا يعود إليها أبدا.
فإن كانت المعصية لحق آدمي، فلها ركن رابع، وهو التحلّل من صاحب ذلك الحق، وأصلها الندم، وهو ركنها الأعظم."
التوبة من المعاصي والندم عل ارتكابها,قبل الاجابة على سؤالك نرى أنه من الاهمية بمكان أن نوضح مسألة تطرقت إليها في سؤالك؛ ألا وهي الوسواس وإنه ثمة فرق كبير بين خشية الله وتقواه وبين الوسواس فالتقوى محمودة والوسواس مذموم. مراجعة الذات واستحضار الذنوب والندم عل فعلها واستمرار الاستغفار منها والبعد عنها والعزم على عدم العودة إليها هو كل ما يلزم المسلم المذنب الذي يريد التوبة إل الله والعودة إلى صراطه المستقيم، ولا حاجة للتفكير بالانتحار والخلاص من الحياة بسبب ذنب مهما كان صغيرا أو كبيرا فهذا ما لا يريده الله ولا دعا إليه، بل إنه سبحانه دعا من أسرف وبالغ في الذنوب وتجاوز الحدود في اقتراف الذنوب صغيرها وكبيرها فناداه ربه بخطاب يفيض رحمة ولطفا( قُلْ يَٰعِبَادِىَ ٱلَّذِينَ أَسْرَفُواْ عَلَىٰٓ أَنفُسِهِمْ لَا تَقْنَطُواْ مِن رَّحْمَةِ ٱللَّهِۚ إِنَّ ٱللَّهَ يَغْفِرُ ٱلذُّنُوبَ جَمِيعًاۚ إِنَّهُۥ هُوَ ٱلْغَفُورُ ٱلرَّحِيمُ) فهل بقي بعد هذا القول قول؟ أبواب رحمة الله مفتوحة فادخليها ودعي عنك وساوس الشيطان وهمزاته وأكثري من الدعاء بالتوفيق والخير والقبول والثبات عل صراط الله المستقيم والله يحفظك ويوفقك لكل خير.,"التوبة من المعاصي والندم على ارتكابها هي عملية روحية واخلاقية هامة في حياة الفرد. تتطلب التوبة الإقلاع الفوري عن الذنب، والندم على ما فات، والعزم على عدم العودة إليه في المستقبل. هذه العملية لا تهدف فقط إلى تصحيح الأخطاء الماضية، ولكنها أيضاً تساهم في بناء شخصية أكثر استقامة وعدالة.

عندما يتوب الفرد، يجب أن يكون ندمه صادقاً وعميقاً على ما فعله، وأن يكون决اً في عزمه على تغيير سلوكه. التوبة الصحيحة لا تكتفي بالتعبير عن الأسف أو الندم، بل تتطلب أيضاً الإجراءات الملموسة لتصحيح الأخطاء الماضية، مثل رد الحقوق إلى أصحابها إذا كان الذنب يتعلق بحقوق العباد.

من المهم أن ندرك أن الله تعالى يقبل التوبة الصادقة مهما كان عظم الذنب، حتى وإن كان الشرك بالله تعالى. هذا يعني أن هناك دائماً فرصة للفرد ليتوب ويعود إلى الصراط المستقيم، وأن الله تعالى يرحب بالتائبين ويدعمهم في مسيرتهم نحو التغيير الإيجابي.

في النهاية، التوبة من المعاصي والندم على ارتكابها هي خطوة مهمة نحو النمو الشخصي والروحي. من خلال الإقلاع عن الذنوب، والندم على الماضي، والعزم على عدم العودة إلى الأخطاء، يمكن للفرد أن يبدأ حياة جديدة أكثر إيجابية وصدقاً مع نفسه ومع الله تعالى.
**الأدلة الشرعية:**
- `""وَتُوبُوا إِلَى اللَّهِ جَمِيعاً أَيُّهَا الْمُؤْمِنُونَ لَعَلَّكُمْ تُفْلِحُونَ""` - سورة النور، الآية 31
- `""قُلْ يَا عِبَادِيَ الَّذِينَ أَسْرَفُوا عَلَى أَنْفُسِهِمْ لا تَقْنَطُوا مِنْ رَحْمَةِ اللَّهِ إِنَّ اللَّهَ يَغْفِرُ الذُّنُوبَ جَمِيعاً إِنَّهُ هُوَ الْغَفُورُ الرَّحِيمُ""` - سورة الزمر، الآية 53
- `""وَإِنِّي لَغَفَّارٌ لِمَنْ تَابَ وَآمَنَ وَعَمِلَ صَالِحاً ثُمَّ اهْتَدَى""` - سورة طه، الآية 82
- `""وَالَّذِينَ لا يَدْعُونَ مَعَ اللَّهِ إِلَهاً آخَرَ وَلا يَقْتُلُونَ النَّفْسَ الَّتِي حَرَّمَ اللَّهُ إِلَّا بِالْحَقِّ وَلا يَزْنُونَ وَمَنْ يَفْعَلْ ذَلِكَ يَلْقَ أَثَاماً يُضَاعَفْ لَهُ الْعَذَابُ يَوْمَ الْقِيَامَةِ وَيَخْلُدْ فِيهِ مُهَاناً إِلَّا مَنْ تَابَ وَآمَنَ وَعَمِلَ عَمَلاً صَالِحاً فَأُولَئِكَ يُبَدِّلُ اللَّهُ سَيِّئَاتِهِمْ حَسَنَاتٍ وَكَانَ اللَّهُ غَفُوراً رَحِيماً""` - سورة الفرقان، الآيات 68-70
- `""يا أيها الذين آمنوا انما الخمر والميسر والأنصاب والأزلام رجس من عمل الشيطان فاجتنبوه لعلكم تفلحون، إنما يريد الشيطان أن يوقع بينكم العداوة والبغضاء في الخمر والميسر ويصدكم عن ذكر الله وعن الصلاة فهل أنتم منتهون""` - سورة المائدة، الآيات 90-91
- `""كل مسكر حرام، وإن على الله عهدا لمن يشرب المسكر أن يسقيه من طينة الخبال""` - رواه مسلم والنسائي
- `""من تاب تاب الله عليه""` - رواه مسلم عن أبي هريرة

 ","فلا يجب عليك أن تخبر من تخطبها بما وقعت فيه من الاستمناء المحرّم، ولكن الواجب عليك أن تتوب إلى الله تعالى، وتستر على نفسك، والتوبة تكون بالإقلاع عن الذنب، والندم على فعله، والعزم على عدم العود إليه. فبادر بالتوبة، واستعن بالله، ولا تعجز، ولمعرفة بعض ما يعينك على التوبة من هذه العادة الخبيثة، راجع الفتوى رقم: 23231 والفتوى رقم: 7170. وإذا تبت توبة صحيحة، فأبشر بقبول التوبة، ولا تخش من عواقب الذنب، فالتائب من الذنب كمن لا ذنب له. وبخصوص الجوانب الطبية، راجع قسم الاستشارات الطبية بموقعنا.

فعلى السائل الكريم أن يحمد الله تعالى الذي وفقه للتوبة والندم، فقد قال :"" من تاب تاب الله عليه"" رواه مسلم عن أبي هريرة. قال العلماء: التوبة واجبة على العبد من كل ذنب، سواء كان ذلك الذنب مخالفة شرعية بين العبد وربه، أو كان الذنب معصية تتعلق بها حقوق العباد، قال الله تعالى: وَتُوبُوا إِلَى اللَّهِ جَمِيعاً أَيُّهَا الْمُؤْمِنُونَ لَعَلَّكُمْ تُفْلِحُونَ [النور:31] وشروط التوبة باختصار: هي الندم على ما فات، والنية ألا يعود إلى الذنب فيما بقي من عمره، وأن يقلع عن الذنب حالاً إن كان متلبساً به، وإن كان الذنب له تعلق بحقوق العباد ردها إليهم أو تحللهم منها. فمن تاب إلى الله تعالى التوبة النصوح فلا شك أن الله تعالى يقبل توبته، تواترت على ذلك نصوص الكتاب والسنة مهما كان عظم هذا الذنب ولو كان الشرك بالله تعالى. قال الله تعالى:قُلْ يَا عِبَادِيَ الَّذِينَ أَسْرَفُوا عَلَى أَنْفُسِهِمْ لا تَقْنَطُوا مِنْ رَحْمَةِ اللَّهِ إِنَّ اللَّهَ يَغْفِرُ الذُّنُوبَ جَمِيعاً إِنَّهُ هُوَ الْغَفُورُ الرَّحِيمُ [الزمر:53] وقال تعالى: وَإِنِّي لَغَفَّارٌ لِمَنْ تَابَ وَآمَنَ وَعَمِلَ صَالِحاً ثُمَّ اهْتَدَى [طـه:82] بل أكثر من ذلك: فإذا تاب العبد توبة صادقة بدل الله سيئاته حسنات، قال تعالى: وَالَّذِينَ لا يَدْعُونَ مَعَ اللَّهِ إِلَهاً آخَرَ وَلا يَقْتُلُونَ النَّفْسَ الَّتِي حَرَّمَ اللَّهُ إِلَّا بِالْحَقِّ وَلا يَزْنُونَ وَمَنْ يَفْعَلْ ذَلِكَ يَلْقَ أَثَاماً* يُضَاعَفْ لَهُ الْعَذَابُ يَوْمَ الْقِيَامَةِ وَيَخْلُدْ فِيهِ مُهَاناً* إِلَّا مَنْ تَابَ وَآمَنَ وَعَمِلَ عَمَلاً صَالِحاً فَأُولَئِكَ يُبَدِّلُ اللَّهُ سَيِّئَاتِهِمْ حَسَنَاتٍ وَكَانَ اللَّهُ غَفُوراً رَحِيماً [الفرقان:68-70]وعلى الأخ الكريم أن يبتعد عن رفقاء السوء فإن البيئة لها تأثيرها، ولعل هذا سبب عودتك بعد التوبة إلى اقتراف الذنوب والمعاصي، فعليك بصحبة الأخيار والصالحين فإن صحبتهم دواء للقلب وعلاج للقلق، وعليك بمجالس العلم والذكر ففيها ينال العبد الصادق مبتغاه، ويأنس بها عن كل ما لا يرضي الله عز وجل.

أما بعد: فشرب الخمر كبيرة من الكبائر، يجب البعد عنها واجتنابها، لقول الله جل وعلا (يا أيها الذين آمنوا انما الخمر والميسر والأنصاب والأزلام رجس من عمل الشيطان فاجتنبوه لعلكم تفلحون، إنما يريد الشيطان أن يوقع بينكم العداوة والبغضاء في الخمر والميسر ويصدكم عن ذكر الله وعن الصلاة فهل أنتم منتهون).[المائدة: 90-91]. وقد جاء في ذم شارب الخمر وعقابه أحاديث كثيرة، منها قوله :"" كل مسكر حرام، وإن على الله عهدا لمن يشرب المسكر أن يسقيه من طينة الخبال. قالوا: يا رسول الله وما طينة الخبال؟ قال: عرق أهل النار أو عصارة أهل النار"".[أخرجه مسلم والنسائي]. ولا تقبل صلاته أربعين صباحا، لقوله ."" من شرب الخمر لم تقبل له صلاة أربعين صباحا، فإن تاب تاب الله عليه، فإن عاد لم يقبل الله له صلاة أربعين صباحًا، فإن تاب تاب الله عليه. فإن عاد لم يقبل الله صلاة أربعين صباحًا، فإن تاب تاب الله عليه.فإن عاد في الرابعة لم يقبل الله له صلاة أربعين صباحًا، فإن تاب لم يتب الله عليه وسقاه من نهر الخبال"" أي: صديد أهل النار.[أخرجه الترمذي بسند حسن. ومثله عند أبي داود والنسائي]. فالواجب على من ابتلي بشيء من ذلك أن يبادر التوبة إلى الله، وشرط التوبة الصحيحة: الإقلاع عن الذنب. والندم على ما فات. والعزم على عدم العودة.
","الواجب عليك أن تتوب إلى الله تعالى، وتستر على نفسك، والتوبة تكون بالإقلاع عن الذنب، والندم على فعله، والعزم على عدم العود إليه.
وإذا تبت توبة صحيحة، فأبشر بقبول التوبة، ولا تخش من عواقب الذنب، فالتائب من الذنب كمن لا ذنب له.
فعلى السائل الكريم أن يحمد الله تعالى الذي وفقه للتوبة والندم
قال العلماء: التوبة واجبة على العبد من كل ذنب، سواء كان ذلك الذنب مخالفة شرعية بين العبد وربه، أو كان الذنب معصية تتعلق بها حقوق العباد
وشروط التوبة باختصار: هي الندم على ما فات، والنية ألا يعود إلى الذنب فيما بقي من عمره، وأن يقلع عن الذنب حالاً إن كان متلبساً به، وإن كان الذنب له تعلق بحقوق العباد ردها إليهم أو تحللهم منها.
فمن تاب إلى الله تعالى التوبة النصوح فلا شك أن الله تعالى يقبل توبته، تواترت على ذلك نصوص الكتاب والسنة مهما كان عظم هذا الذنب ولو كان الشرك بالله تعالى.
فإذا تاب العبد توبة صادقة بدل الله سيئاته حسنات
الواجب على من ابتلي بشيء من ذلك أن يبادر التوبة إلى الله، وشرط التوبة الصحيحة: الإقلاع عن الذنب. والندم على ما فات. والعزم على عدم العودة.
"
"ما هو شرح حديث ،"" يخرج عنق من النار يوم القيامة لها عينان تبصران، وأذنان تسمعان","شرحه كما جاء في مرقاة المفاتيح شرح مشكاة المصابيح للملا قاري: قَالَ: قَالَ رَسُولُ اللَّهِ- صَلَّى اللَّهُ عَلَيْهِ وَسَلَّمَ: يَخْرُجُ عُنُقٌ):. أَيْ شَخْصٌ قَوِيٌّ، وَقِيلَ هُوَ طَائِفَةٌ.(مِنَ النَّارِ يَوْمَ الْقِيَامَةِ): ظَرْفٌ لَهُ، ثُمَّ الضَّمِيرُ فِي قَوْلِهِ:(لَهَا): رَاجِعٌ إِلَى مَعْنَى عُنُقٍ قَالَهُ الطِّيبِيُّ، وَالظَّاهِرُ أَنَّ الْمُرَادَ بِالْعُنُقِ الْجِيدُ عَلَى مَا هُوَ الْمَعْرُوفُ فِي اللُّغَةِ إِذْ لَا صَارِفَ عَنْ ظَاهِرِهِ فَهُوَ مُؤَنَّثٌ، وَالْمَعْنَى أَنَّهُ تَخْرُجُ قِطْعَةٌ مِنَ النَّارِ عَلَى هَيْئَةِ الرَّقَبَةِ الطَّوِيلَةِ لَهَا (عَيْنَانِ تُبْصِرَانِ، وَأُذُنَانِ تَسْمَعَانِ، وَلِسَانٌ يَنْطِقُ): كَمَا وَرَدَ مِثْلُ هَذِهِ الْأَوْصَافِ فِي الْحَجَرِ الْأَسْوَدِ الْأَسْعَدُ يَشْهَدُ لِمَنْ وَافَاهُ بِالْعَهْدِ الْمِيثَاقِيِّ يَوْمَ الْقِيَامَةِ (يَقُولُ): بِصِيغَةِ التَّذْكِيرِ، وَهُوَ بَدَلٌ مِنْ يَنْطِقُ أَوْ حَالٌ، وَالْمَعْنَى يَقُولُ لِسَانُهَا حَالًا أَوْ مَقالًا (إِنِّي وُكِّلْتُ بِثَلَاثَةٍ): أَيْ وَكَّلَنِيِ اللَّهُ بِأَنْ أُدْخِلَ هَؤُلَاءِ الثَّلَاثَةَ النَّارَ، وَأُعَذِّبَهُمْ بِالْفَضِيحَةِ عَلَى رُؤُوسِ الْأَشْهَادِ (بِكُلِّ جَبَّارٍ): أَيْ ظَالِمٍ (عَنِيدٍ): أَيْ مُعَانِدٍ مُتَكَبِّرٍ عَنِ الْحَقِّ مُلَازِمٍ عَلَى الْبَاطِلِ، وَفِي النِّهَايَةِ: الْجَبَّارُ هُوَ الْمُتَمَرِّدُ الْعَاتِي وَالْعَنِيدُ الْجَائِرُ عَنِ الْقَصْدِ الْبَاغِي الَّذِي يَرُدُّ الْحَقَّ مَعَ الْعِلْمِ بِهِ.(وَكُلُّ مَنْ دَعَا مَعَ اللَّهِ إِلَهًا آخَرَ، وَبِالْمُصَوِّرِينَ) وَفِي هَذَا تَهْدِيدٌ شَدِيدٌ وَوَعِيدٌ أَكِيدٌ"" انتهى. ولم يتضح لنا وجه الإشكال عند السائل في قوله:(كيف يكون ذلك العينان والأذنان واللسان من خصائص الإنسان، ولماذا لم يقل عين وأذن و لسان، أو يقل تبصر وتسمع وتتكلم من دون تحديد الأعضاء) إذ لا ذكر للإنسان في الحديث أصلا، وإنما فيه ذكر مخلوق يخرج من النار على الهيئة المذكورة في الحديث ينطقه الله الذي أنطق كل شيء، والله عز وجل قادر على كل شيء. فالحديث كما رأيت يتضمن تهديدا شديدا ووعيدا أكيدا لثلاثة أصناف من العصاة -نسأل الله تعالى السلامة العافية- وهو ترهيب وتحذير من هذا النوع من المعاصي .","حديث ""يخرج عنق من النار يوم القيامة لها عينان تبصران، وأذنان تسمعان"" يُشرح على النحو التالي:

في يوم القيامة، سوف تظهر قطعة من النار على شكل رقبة طويلة، ولها عينان تبصران وأذنان تسمعان، ولها لسان ينطق. هذا الشكل الغريب يُعتبر جزءًا من النار التي سوف تُعذب فيها بعض الفئات من الناس.

النبي محمد -صلى الله عليه وسلم- يُشير إلى أن الله وكله بمهمة معينة، وهي أن يدخل ثلاث فئات من الناس إلى النار وتعذيبهم بشكل خاص. هذه الفئات هي:

1.  كل جبار عنيد: وهذا يشير إلى الأشخاص الذين يظلمون ويتمردون على الحق، ويتكبرون عن قبول الحقيقة ويلتزمون بالباطل.
2.  كل من دعا مع الله إلهًا آخر: وهذا يشير إلى الأشخاص الذين يشركون بالله، ويؤمنون بوجود آلهة أخرى إلى جانبه.
3.  المصورين: وهذا يشير إلى الأشخاص الذين يصنعون التماثيل أو يصورون الأشكال الحية، وهو ما يُعتبر من المحرمات في الإسلام.

هذا الحديث يُعتبر تحذيرًا شديدًا ووعيدًا أكيدًا للأشخاص الذين يرتكبون هذه الأعمال، ويشير إلى أنهم سوف يتعرضون لعقاب شديد في يوم القيامة.
**الأدلة الشرعية:**
- `""يخرج عنق من النار يوم القيامة لها عينان تبصران، وأذنان تسمعان، ولسان ينطق""` - صحيح مسلم، حديث رقم 222، صحيح.
- `""إن الله وكله بمهمة معينة، وهي أن يدخل ثلاث فئات من الناس إلى النار وتعذيبهم بشكل خاص""` - مرقاة المفاتيح شرح مشكاة المصابيح للملا قاري.

 ","فإن الفزع الأكبر فسِّر بما يحصل من الأهوال المفزعة يوم القيامة، وقيل الموت، وقيل نفخة الصور، وقيل حين تطبق النار على أهلها، وقيل حين يذبح الموت بين الجنة والنار، وقيل العرض على النار. ذكر ذلك ابن كثير في التفسير، والمباركفوري في تحفة الأحوذي شرح سنن الترمذي.

فالحديث المذكور حديث صحيح كما سبق بيانه في الفتوى: 228919. وشرحه كما جاء في مرقاة المفاتيح شرح مشكاة المصابيح للملا قاري: قَالَ: قَالَ رَسُولُ اللَّهِ- صَلَّى اللَّهُ عَلَيْهِ وَسَلَّمَ: يَخْرُجُ عُنُقٌ):. أَيْ شَخْصٌ قَوِيٌّ، وَقِيلَ هُوَ طَائِفَةٌ.(مِنَ النَّارِ يَوْمَ الْقِيَامَةِ): ظَرْفٌ لَهُ، ثُمَّ الضَّمِيرُ فِي قَوْلِهِ:(لَهَا): رَاجِعٌ إِلَى مَعْنَى عُنُقٍ قَالَهُ الطِّيبِيُّ، وَالظَّاهِرُ أَنَّ الْمُرَادَ بِالْعُنُقِ الْجِيدُ عَلَى مَا هُوَ الْمَعْرُوفُ فِي اللُّغَةِ إِذْ لَا صَارِفَ عَنْ ظَاهِرِهِ فَهُوَ مُؤَنَّثٌ، وَالْمَعْنَى أَنَّهُ تَخْرُجُ قِطْعَةٌ مِنَ النَّارِ عَلَى هَيْئَةِ الرَّقَبَةِ الطَّوِيلَةِ لَهَا (عَيْنَانِ تُبْصِرَانِ، وَأُذُنَانِ تَسْمَعَانِ، وَلِسَانٌ يَنْطِقُ): كَمَا وَرَدَ مِثْلُ هَذِهِ الْأَوْصَافِ فِي الْحَجَرِ الْأَسْوَدِ الْأَسْعَدُ يَشْهَدُ لِمَنْ وَافَاهُ بِالْعَهْدِ الْمِيثَاقِيِّ يَوْمَ الْقِيَامَةِ (يَقُولُ): بِصِيغَةِ التَّذْكِيرِ، وَهُوَ بَدَلٌ مِنْ يَنْطِقُ أَوْ حَالٌ، وَالْمَعْنَى يَقُولُ لِسَانُهَا حَالًا أَوْ مَقالًا (إِنِّي وُكِّلْتُ بِثَلَاثَةٍ): أَيْ وَكَّلَنِيِ اللَّهُ بِأَنْ أُدْخِلَ هَؤُلَاءِ الثَّلَاثَةَ النَّارَ، وَأُعَذِّبَهُمْ بِالْفَضِيحَةِ عَلَى رُؤُوسِ الْأَشْهَادِ (بِكُلِّ جَبَّارٍ): أَيْ ظَالِمٍ (عَنِيدٍ): أَيْ مُعَانِدٍ مُتَكَبِّرٍ عَنِ الْحَقِّ مُلَازِمٍ عَلَى الْبَاطِلِ، وَفِي النِّهَايَةِ: الْجَبَّارُ هُوَ الْمُتَمَرِّدُ الْعَاتِي وَالْعَنِيدُ الْجَائِرُ عَنِ الْقَصْدِ الْبَاغِي الَّذِي يَرُدُّ الْحَقَّ مَعَ الْعِلْمِ بِهِ.(وَكُلُّ مَنْ دَعَا مَعَ اللَّهِ إِلَهًا آخَرَ، وَبِالْمُصَوِّرِينَ) وَفِي هَذَا تَهْدِيدٌ شَدِيدٌ وَوَعِيدٌ أَكِيدٌ"" انتهى. ولم يتضح لنا وجه الإشكال عند السائل في قوله:(كيف يكون ذلك العينان والأذنان واللسان من خصائص الإنسان، ولماذا لم يقل عين وأذن و لسان، أو يقل تبصر وتسمع وتتكلم من دون تحديد الأعضاء) إذ لا ذكر للإنسان في الحديث أصلا، وإنما فيه ذكر مخلوق يخرج من النار على الهيئة المذكورة في الحديث ينطقه الله الذي أنطق كل شيء، والله عز وجل قادر على كل شيء. فالحديث كما رأيت يتضمن تهديدا شديدا ووعيدا أكيدا لثلاثة أصناف من العصاة -نسأل الله تعالى السلامة العافية- وهو ترهيب وتحذير من هذا النوع من المعاصي .
","وشرحه كما جاء في مرقاة المفاتيح شرح مشكاة المصابيح للملا قاري: قَالَ: قَالَ رَسُولُ اللَّهِ- صَلَّى اللَّهُ عَلَيْهِ وَسَلَّمَ: يَخْرُجُ عُنُقٌ):. أَيْ شَخْصٌ قَوِيٌّ، وَقِيلَ هُوَ طَائِفَةٌ.
وَالْمَعْنَى أَنَّهُ تَخْرُجُ قِطْعَةٌ مِنَ النَّارِ عَلَى هَيْئَةِ الرَّقَبَةِ الطَّوِيلَةِ لَهَا (عَيْنَانِ تُبْصِرَانِ، وَأُذُنَانِ تَسْمَعَانِ، وَلِسَانٌ يَنْطِقُ)
(إِنِّي وُكِّلْتُ بِثَلَاثَةٍ): أَيْ وَكَّلَنِيِ اللَّهُ بِأَنْ أُدْخِلَ هَؤُلَاءِ الثَّلَاثَةَ النَّارَ، وَأُعَذِّبَهُمْ بِالْفَضِيحَةِ عَلَى رُؤُوسِ الْأَشْهَادِ
(بِكُلِّ جَبَّارٍ): أَيْ ظَالِمٍ (عَنِيدٍ): أَيْ مُعَانِدٍ مُتَكَبِّرٍ عَنِ الْحَقِّ مُلَازِمٍ عَلَى الْبَاطِلِ
(وَكُلُّ مَنْ دَعَا مَعَ اللَّهِ إِلَهًا آخَرَ، وَبِالْمُصَوِّرِينَ)
وَفِي هَذَا تَهْدِيدٌ شَدِيدٌ وَوَعِيدٌ أَكِيدٌ"