question,answer,generated_response,
"ما حكم بيع اسم الشهرة، بمعنى بيع العلامة التجارية؟","فإن أحداً من أئمة المذاهب الفقهية القديمة في الاسلام لم يتناول هذه المسألة بالبحث لعدم وجودها في زمانهم، فهي من النوازل المستحدثة الناجمة عن التقدم العلمي والتطور الاقتصادي المعاصر، والتي بحثها العلماء المعاصرون بحسب ما تقتضيه قواعد العدل والمصلحة في الشريعة الاسلامية، وللإجابة عن المسألة المشار اليها سنبين الآتي: أولاً: المفهوم: إن الاسم التجاري أو اسم الشهرة يطلق على التسمية التي يستخدمها التاجر كعلامة تميز مشروعه التجاري عن غيره من حيث خصوصية نوع السلع وحسن المعاملة والخدمة التي اشتهر بسببها المحل وأصبح ذو سمعة طيبة جذبت الجمهور اليه. وهذا الاسم التجاري أو اسم الشهرة يوضع على لافته خاصة بالمحل التجاري وعلى جميع أوراقه الخاصة ومنتجاته التي يصنعها لتمييزها عما يماثلها من السلع الأخرى. ثانياً: الهدف والغاية من تسجيل وتثبيت اسم الشهرة أو الاسم التجاري: إن اسم الشهرة أو الإسم التجاري أو العلامة التجارية يهدف الى:-تمييز الصناعة المعلمة أو المسجلة بماركة معينة عن غيرها من المنتجات التي تماثلها.-جذب العملاء والمستهلكين لما تتميز به هذا السلع من خصائص إيجابية عن غيرها.-حق الحماية والاختصاص: فالشهرة أو الاسم التجاري يتحقق لصاحبة نتيجة جهد واتقان في العمل أدى الى ذيوع صيته بين الناس واقبالهم عليه لتمييز منتجاته عن غيرها. وبهذا المعنى ذهب أكثر العلماء المعاصرين الى اعتبار اسم الشهرة أو الاسم التجاري حقاً لصاحبه يمنحه حق الاستعمال والاستئثار والإختصاص بالبيع أو الهبة دون غيره، ولا يحق لأحد استعماله إلا بإذن صاحبه تماماً كما هو الحال في الحق العيني (حق الملكية المادية). ثالثاً: حجية اعتبار اسم الشهرة من الحقوق التي يجوز الاستعاضة عنه بمال ومستند اعتبار اسم الشهرة أو الاسم التجاري من الحقوق المعنوية التي لا يجوز التعدي عليها وانها حق خالصٌ لصاحبها يحل له الاستعاضة عنها بمال ما يلي: أ)العرف المستعمل بين التجار في بيع وشراء هذا الحق وسن القوانين التي تحميه من الاعتداء عليه. ب)كما أن المصلحة المرسلة تشهد له بالحجية لتأكد المصلحة في اعتبار ماليته، ووجوب حمايته. ج)والفقه الحنبلي ذهب الى معنى متطور في اعتبار مالية الأشياء وأن المنظور إليه في الأشياء ليس هو عينية الشيء المادي فقط بل هو منفعته واثره. جاء في المغني: إن ما لا منفعة فيه ليس بمال ولو كان شيئاً عينياً ولا يجوز بيعه، فمناط المالية المنفعة لا عينها. والقياس العام يشمل كل نفع ذي قيمة بين الناس إن لم يكن محرماً الانتفاع به شرعاً مما استلزم جريان المعاوضة فيه عرفاً. د)وذهب الى هذا الرأي مجمع الفقه الاسلامي في دورته الخامسة المنعقدة في دولة الكويت في جمادى الأولى -1409ه-10/12/1988م ومما جاء في القرار: 1-الاسم التجاري والعنوان التجاري والعلامة التجارية وحق التأليف والاختراع والابتكار هي حقوق خاصة للأصحابها أصبح لها في العرف المعاصر قيمة مالية معتبرة لتمول الناس بها وهذه الحقوق يعتد بها شرعاً فلا يجوز الاعتداء عليها. 2-يجوز التصرف في الاسم التجاري أو العنوان التجاري أو العلامة التجارية ونقل أي منها بعوض مالي اذا انتفى الغرر والتدليس والغش باعتبار أن ذلك أصبح حقاً مالياً. وعليه: فإن مجلس الافتاء الأعلى في فلسطين يؤكد على هذا الرأي ويرى جواز بيع الشهرة أو الاسم التجاري وجوازالاستعاضة عنه بمال اذا انتفى عنه الغش والتدليس. والله تعالى أعلم المراجع:-الفقه الاسلامي المقارن، مسألة حق الابتكار، د. محمد فتحي الدريني ص 266.-بيع الاسم التجاري، د. وهبة الزحيلي -المعاملات المالية المعاصرة، د. محمد الشبير ص67.-البيوع الشائعة وأثر ضوابط المبيع على شرعيتها، د. محمد توفيق رمضان البوطي ص 166.-ابن قدامة: المغني 6/184.","بيع اسم الشهرة أو العلامة التجارية جائز شرعًا بشرط أن لا يتضمن هذا البيع أي غرر أو تدليس، وأن يكون المبيع شيئًا معلوماً ومحدداً. اسم الشهرة أو العلامة التجارية يعدّ من الحقوق المعنوية، وهذه الحقوق لها قيمة مالية يمكن بيعها أو التنازل عنها بشرط أن يتم البيع وفقًا للعقود الشرعية المعروفة مثل عقود البيع أو الإجارة، وأن لا يحتوي العقد على شروط محرمة أو ممنوعة في الشريعة الإسلامية.",1
ما حكم رجوع المطلقة لزوجها بعد قبض شيء من المؤخر؟,"السلام عليكم ورحمة الله وبركاته. بالإشارة إلى سؤالك المثبت نصه أعلاه، فإن رجوع المطلقة لطليقها مشروع ولو بعد قبض المؤخر أو جزء منه، وذلك بعقد ومهر جديدين وموافقة المرأة على العودة لهذا الرجل، شريطة أن لا تكون وقعت عليها ثلاث طلقات، فعند ذلك لا يحل لها الرجوع إلا بعد الزواج من رجل آخر على أن لا يكون الزواج بنية التحليل وأن يكون زواجا بعقد ودخول. والله يقول الحق وهو يهدي السبيل","رجوع المطلقة إلى زوجها بعد قبض شيء من مؤخر الصداق يعتمد على نوع الطلاق:

إذا كان الطلاق رجعيًا: يجوز للزوج أن يرجع زوجته إلى عصمته خلال فترة العدة دون حاجة لعقد جديد، حتى لو كانت قد قبضت جزءًا من مؤخر الصداق. لكن في هذه الحالة، يبقى مؤخر الصداق دينًا على الزوج يجب عليه سداده عند الطلب.

إذا كان الطلاق بائنًا بينونة صغرى: لا يجوز للزوج أن يعيد زوجته إلا بعقد ومهر جديدين، ويعتبر ما قبضته من مؤخر الصداق جزءًا من مستحقاتها عن الزواج السابق، ولا يؤثر على جواز الرجوع بعقد جديد.

إذا كان الطلاق بائنًا بينونة كبرى: لا يمكن للزوج أن يعود لزوجته إلا إذا تزوجت بزوج آخر زواجًا صحيحًا ووقع بينها وبين الزوج الثاني طلاق بعد الدخول الحقيقي. وفي هذه الحالة، المؤخر الذي قبضته لا يؤثر على هذه الأحكام.

لذلك، الحكم يتوقف على نوع الطلاق الذي حدث.",1
التوبة من المعاصي والندم عل ارتكابها,"قبل الاجابة على سؤالك نرى أنه من الاهمية بمكان أن نوضح مسألة تطرقت إليها في سؤالك؛ ألا وهي الوسواس وإنه ثمة فرق كبير بين خشية الله وتقواه وبين الوسواس فالتقوى محمودة والوسواس مذموم. مراجعة الذات واستحضار الذنوب والندم عل فعلها واستمرار الاستغفار منها والبعد عنها والعزم على عدم العودة إليها هو كل ما يلزم المسلم المذنب الذي يريد التوبة إل الله والعودة إلى صراطه المستقيم، ولا حاجة للتفكير بالانتحار والخلاص من الحياة بسبب ذنب مهما كان صغيرا أو كبيرا فهذا ما لا يريده الله ولا دعا إليه، بل إنه سبحانه دعا من أسرف وبالغ في الذنوب وتجاوز الحدود في اقتراف الذنوب صغيرها وكبيرها فناداه ربه بخطاب يفيض رحمة ولطفا( قُلْ يَٰعِبَادِىَ ٱلَّذِينَ أَسْرَفُواْ عَلَىٰٓ أَنفُسِهِمْ لَا تَقْنَطُواْ مِن رَّحْمَةِ ٱللَّهِۚ إِنَّ ٱللَّهَ يَغْفِرُ ٱلذُّنُوبَ جَمِيعًاۚ إِنَّهُۥ هُوَ ٱلْغَفُورُ ٱلرَّحِيمُ) فهل بقي بعد هذا القول قول؟ أبواب رحمة الله مفتوحة فادخليها ودعي عنك وساوس الشيطان وهمزاته وأكثري من الدعاء بالتوفيق والخير والقبول والثبات عل صراط الله المستقيم والله يحفظك ويوفقك لكل خير.","التوبة من المعاصي والندم على ارتكابها من أعظم الأعمال التي يتقرب بها المسلم إلى الله تعالى. التوبة الصادقة تتكون من عدة شروط:

الإقلاع عن المعصية: يجب على التائب أن يترك المعصية التي كان يقوم بها فورًا ولا يعود إليها.

الندم على ما فات: على التائب أن يشعر بالندم الحقيقي والحزن على ارتكاب المعصية، ويستشعر أنه أساء إلى نفسه وإلى حق الله.

العزم على عدم العودة: يجب أن يكون لدى التائب نية صادقة وعزم قوي على عدم العودة إلى هذه المعصية مرة أخرى في المستقبل.

رد الحقوق إلى أصحابها: إذا كانت المعصية تتعلق بحقوق الآخرين، يجب على التائب أن يرد الحقوق إلى أصحابها أو يستسمح منهم.

الله سبحانه وتعالى واسع المغفرة والرحمة، ويقبل توبة عباده مهما كانت ذنوبهم، كما قال في القرآن الكريم: ""قُلْ يَا عِبَادِيَ الَّذِينَ أَسْرَفُوا عَلَى أَنفُسِهِمْ لَا تَقْنَطُوا مِن رَّحْمَةِ اللَّهِ إِنَّ اللَّهَ يَغْفِرُ الذُّنُوبَ جَمِيعًا إِنَّهُ هُوَ الْغَفُورُ الرَّحِيمُ"" (الزمر: 53).

التوبة الصادقة تجب ما قبلها من الذنوب، وتجعل التائب كأنه لم يرتكب المعصية أصلاً.",1
حكم الترويج لمنتجات لشركة مقابل عمولة مع شرط مسبق على المروّج بدفع مبلغ مالي,"هذا حرام، ولا يجوز، وفيه ربا على المال المُعطى. وفيه غررٌ محرم. والترويج ستار لإخفاء ذلك، وليس هو مقصودًا ولا مُرادًا، وإنما المقصود أموال الناس وأخذها بهذه الطريقة، وإعطاؤهم جزءًا منها، بإيهامهم أنها عوائد على مهامٍّ. ولو كان المقصود الترويج مقابل عائد مالي، لم يكن هناك شرط على المروّج بدفع مبلغ مسبقًا. وفي لحظة معينة يتوقف هذا العمل فجأة، وتخسر الطبقة الأخيرة من الناس، بالاحتيال والنصب.","الترويج لمنتجات شركة مقابل عمولة جائز شرعاً إذا كان يتم وفقًا لشروط وضوابط شرعية، ومنها:

جواز العقد: يجب أن يكون العقد بين المروّج والشركة عقدًا شرعيًا، مثل عقد الوكالة أو السمسرة، بحيث يكون دور المروّج معروفًا مقابل عمولة معلومة.

خلو العقد من الغرر والجهالة: يجب أن يكون العقد واضحًا ومحددًا في الشروط والمكافآت دون وجود أي غموض أو جهالة تؤدي إلى النزاع.

خلو العقد من الشروط المحرمة: إذا كان العقد يتضمن شرطًا يدفع فيه المروّج مبلغًا ماليًا مسبقًا للشركة من أجل الترويج للمنتجات، فهذا قد يدخل في باب القمار أو الربا المحرم شرعًا، خاصة إذا كان المبلغ المدفوع غير مسترد أو متعلق بتحقيق مبيعات محددة. وقد يؤدي هذا إلى استغلال المروّج من قِبَل الشركة.

لذا، إذا كان العقد يتضمن شرط دفع مبلغ مالي مسبق للمروّج، ينبغي الحذر والتأكد من أن هذا الشرط لا يؤدي إلى محرم أو ظلم، وأن يكون الهدف من الدفع واضحًا ومشروعًا، وأن لا يتضمن العقد استغلالاً أو ضررًا للمروّج.

بناءً على ذلك، إن كان الشرط المسبق يتضمن دفع مبلغ مالي من المروّج للشركة بغرض الترويج، وكان هذا الدفع غير مرتبط بمقابل مباشر أو كان فيه مخاطرة غير مضمونة، فإن هذا الشرط يكون غير جائز شرعًا.",0
هل يوجد وقت خاص لقراءة سورة البقرة ؟,"وبعد؛ فإنه يستحب الإكثار من قراءة القرآن الكريم عمومًا في الليل وفي النهار، وقد وردت أحاديث كثيرة تدل على فضل قراءة سورة البقرة ومنها: حديث: اقرءوا سورة البقرة فإن أخذها بركة، وتركها حسرة، ولا تستطيعها البطلة. رواه مسلم. وحديث:""إن الشيطان ينفر من البيت الذي تقرأ فيه سورة البقرة"". رواه مسلم، وحديث: أن الله عز وجل كتب كتاباً قبل أن يخلق السماوات والأرض بألفي عام أنزل منه آيتين ختم بهما سورة البقرة لا يقرآن في دار ثلاث ليال فيقر بها شيطان. رواه الترمذي والحاكم، والطبراني، وقال الهيثمي رجاله ثقات وصححه الألباني، وليس ثمة وقت خاص بقراءة سورة البقرة، فمن أراد أن يقرأها فليقرأها في أي وقت شاء، إلا أن قراءة القرآن في الثلث الأخير من الليل تفضل غيرها من الأوقات، سواء أكان ذلك بقراءة سورة البقرة أم غيرها من السور، لكونها أبعد عن الرياء وأدعى للخشوع، لقوله تعالى: مِنْ أَهْلِ الْكِتَابِ أُمَّةٌ قَائِمَةٌ يَتْلُونَ آيَاتِ اللَّهِ آنَاءَ اللَّيْلِ وَهُمْ يَسْجُدُونَ (آل عمران:113). وقوله: نعم الرجل عبد الله لو كان يصلي من الليل. رواه البخاري، يقول النووي: وإنما رجحت صلاة الليل وقراءته لكونها أجمع للقلب، وأبعد عن الشواغل والملهيات والتصرف في الحاجات، وأصونه عن الرياء وغيره من المحبطات، مع ما جاء الشرع به من إيجاد الخيرات في الليل، والله تعالى أعلم.","سورة البقرة من السور العظيمة في القرآن الكريم، ولها فضائل كثيرة. ومع ذلك، لا يوجد وقت خاص أو معين يلزم المسلم بقراءة سورة البقرة فيه. يمكن قراءتها في أي وقت من اليوم أو الليل، حسب استطاعة المسلم ورغبته.

ورغم عدم وجود وقت محدد، فإن المواظبة على قراءة سورة البقرة بانتظام يعتبر من الأعمال الصالحة التي ينصح بها. وهناك أحاديث تشير إلى أن قراءة سورة البقرة في البيت تمنع دخول الشيطان، حيث قال النبي صلى الله عليه وسلم: ""اقرؤوا سورة البقرة؛ فإن أخذها بركة، وتركها حسرة، ولا تستطيعها البطلة"" (رواه مسلم).

لذلك، يُستحب قراءة سورة البقرة في أوقات مختلفة، سواءً كان ذلك في الصباح، أو بعد صلاة الفجر، أو في الليل، أو في أي وقت يجد المسلم فيه راحة وسهولة لقراءتها. المهم هو المواظبة والاستمرار على تلاوتها والتفكر في معانيها.",1
حكم التجاره بالذهب على انه سلعه وتاخير الدفع الى اجل,"فإن الذهب يعد أحد الأصناف الربوية التي اشترطت الشريعة لتبادلها تساوي مقدار البدلين (مثلاً بمثل) لما ورد عن النبي أنه قال:(«الذَّهَبُ بِالذَّهَبِ مِثْلًا بِمِثْلٍ، وَالوَرِقُ بِالوَرِقِ مِثْلًا بِمِثْلٍ»)[صحيح البخاري: رقم 2176]. وذلك بغض النظر عن نوعية هذا الذهب وعياره أو جودته أو رداءته، أو على اعتباره مسوغاً أم سبائك، وأي اختلاف في قدر المتبادلين من الذهب -وإن اختلفا في الجودة أو العيار- يعتبر من ربا الفضل المحرم شرعاً. والنقود المعاصرة تعامل معاملة الذهب والفضة، فيشرط تحقق التقابض المباشر دون تأجيل للثمن عند التبادل بين النقود وبين الذهب أو الفضة. ويرى الفقهاء أن الذهب نقد بالخلقة، أي أنه وجد أساسا ليكون نقدا للتبادل والاحتفاظ بالقيمة. ولا يزال تعامل الناس على هذا باعتبارهم الذهب وسيلة لحفظ القيمة، والاحتفاظ بالنقود بغير الصورة النقدية المعروفه (النقد الكاش) فيحتفظون بأموالهم من خلال الذهب. وحتى في المهر المقدم في الزواج فإن كثيرا من الأزواج يحتفظون بهذا الذهب للظروف الطارئة وحاجتهم للنقود، إضافة للزينة. وعليه فان الذهب وإن كان مصاغا او على شكل حلي للزينة فإنها تغلب عليه صفة النقد.فلا يجوز بيعه وشراؤهإالا بالثمن الحال (الكاش) تحقيقا لشرط التقابض، ولا يجوز بيع الذهب بالثمن الآجل أو من خلال تقابض المرابحة، وبهذا صدرت قرارات مجمع الفقه الاسلامي ومعايير هيئة المحاسبة والمراجعة للمؤسسات المالية الإسلامية.","التجارة بالذهب تعتبر من المعاملات المالية التي تتطلب دقة كبيرة في الشريعة الإسلامية، لأنها تندرج تحت باب الربا في بعض الحالات. عندما يكون الذهب مبيعًا، هناك شروط محددة يجب مراعاتها لضمان أن المعاملة تكون شرعية:

التقابض الفوري: عند شراء الذهب، يجب أن يكون هناك تقابض فوري في المجلس (أي يتم استلام الذهب والثمن في نفس الوقت). إذا كان هناك تأخير في الدفع أو تسليم الذهب، فإن هذا يعتبر من الربا المحرم، لأنه يدخل في باب ""ربا النسيئة"".

البيع بثمن آجل: إذا كان البيع بثمن مؤجل، أي تأخير الدفع إلى أجل معين، فهذا غير جائز شرعًا في بيع الذهب، لأنه يخل بشرط التقابض الفوري الذي نصت عليه السنة النبوية. قال النبي صلى الله عليه وسلم: ""الذهب بالذهب، والفضة بالفضة، والبر بالبر، والشعير بالشعير، والتمر بالتمر، والملح بالملح، مثلًا بمثل، سواءً بسواء، يدًا بيد، فإذا اختلفت هذه الأصناف فبيعوا كيف شئتم إذا كان يدًا بيد"" (رواه مسلم).

الذهب كسلعة وليس كنقد: حتى لو كان الذهب يعتبر سلعة وليس نقدًا، فإنه يظل محكومًا بنفس القواعد الشرعية المتعلقة بالذهب، وذلك لأن الذهب والفضة هما أصل الأموال التي يجري فيها الربا.

بناءً على ذلك، التجارة بالذهب مع تأخير الدفع إلى أجل غير جائزة شرعًا. إذا أراد الشخص شراء الذهب بالتقسيط أو الدفع المؤجل، فعليه البحث عن بدائل شرعية مثل التعامل بمواد أخرى غير الذهب والفضة، أو اللجوء إلى طرق أخرى تضمن الالتزام بشروط الشريعة الإسلامية.",1
ما حكم الإفطار في رمضان للمصابين بمرض كورونا (covid 19)؟,"فإن صيام شهر رمضان ركن من أركان الإسلام الخمسة، فرضه الله فرض عين على المسلم البالغ العاقل المقيم المستطيع له، فقال تعالى:{يَا أَيُّهَا الَّذِينَ آمَنُواْ كُتِبَ عَلَيْكُمُ الصِّيَامُ كَمَا كُتِبَ عَلَى الَّذِينَ مِن قَبْلِكُمْ لَعَلَّكُمْ تَتَّقُونَ}(البقرة: 183)، ويحرم التهاون في أدائه عند تحقق شروط وجوبه، فعن أبي هُرَيْرَةَ، رَفَعَهُ:(من أَفْطَرَ يَوْمًا من رَمَضَانَ من غَيْرِ عُذْرٍ، ولا مَرَضٍ، لم يَقْضِهِ صِيَامُ الدَّهْرِ، وَإِنْ صَامَهُ)(صحيح البخاري،كتاب الجمعة، بَابُ مَنْ انْتَظَرَ حَتَّى تُدْفَنَ) وشرع الإفطار في رمضان للذي يشق عليه الصوم بسبب المرض، أو يضرّه، أو يعرضه إلى حرج بالغ ومشقة غير محتملة، أو كان يحتاج إلى تناول دواء لازم في النهار، أو غذاء أو سوائل بسبب مرضه، فما جعل الله في دينه من حرج، والذي يحدد عجز المرء عن الصيام، الشخص نفسه، وطبيبه الحاذق. ويترتب على المريض الذي يفطر في حالة اضطراره لذلك أن يقضي الأيام التي أفطرها إن كان يرجى برؤه من المرض، فالله تعالى يقول:﴿فَمَنْ كَانَ مِنْكُمْ مَرِيضًا أَوْ عَلَى سَفَرٍ فَعِدَّةٌ مِنْ أَيَّامٍ أُخَرَ﴾(البقرة: 184). أما إذا كان المرض مزمنًا لا يرجى شفاؤه، فتجب عليه حينئذ الفدية، لقوله تعالى:﴿وَعَلَى الَّذِينَ يُطِيقُونَهُ فِدْيَةٌ طَعَامُ مِسْكِينٍ فَمَنْ تَطَوَّعَ خَيْرًا فَهُوَ خَيْرٌ لَهُ وَأَنْ تَصُومُوا خَيْرٌ لَكُمْ إِنْ كُنْتُمْ تَعْلَمُونَ﴾(البقرة: 184)، والفدية إطعام مسكين وجبتين من أوسط طعام مخرجها، عن كل يوم يفطر فيه، على ألا تقل قيمتها عن قيمة صدقة الفطر في حدها الأدنى. وعليه؛ فإذا ثبت طبيًا بأن الصوم يضر المصاب بمرض كورونا، فله أن يفطر في نهار رمضان، ويلزمه القضاء عند تعافيه وتمكنه من ذلك، إلا إذا كان عجزه عن الصيام دائماً فيخرج فدية عن كل يوم يفطره، بإطعام مسكين، على ألا تقل قيمة الفدية اليومية عن مقدار صدقة الفطر، وهي لهذا العام تسعة شواقل، والله تعالى أعلم.رفع الله الغمة عن خلقه، وأعاننا على صيام شهره، وقيام ليله، على الوجه الذي يرضيه سبحانه","الإفطار في رمضان للمصابين بمرض كورونا (COVID-19) يعتمد على حالة المريض وظروفه الصحية، وذلك وفقًا للضوابط الشرعية المتعلقة بمسألة المرض والإفطار:

إذا كان المرض خفيفًا: إذا كان المريض يعاني من أعراض خفيفة ولا يؤثر الصيام على صحته بشكل كبير، فينبغي عليه أن يصوم إذا استطاع ذلك.

إذا كان المرض شديدًا: إذا كانت الأعراض شديدة أو يعتقد الأطباء أن الصيام قد يؤدي إلى تفاقم الحالة أو يبطئ الشفاء، فيجوز للمريض الإفطار في هذه الحالة. الشريعة الإسلامية تتيح للمريض الإفطار إذا كان الصيام يضر بصحته أو يسبب له مشقة شديدة.

حالات العزل الطبي: في حالة وجود تعليمات طبية توجب على المصاب البقاء في العزل وتناول أدوية معينة بانتظام، ويكون الصيام في هذه الحالة معيقًا للعلاج أو يضر بصحته، فيجوز له الإفطار.

القضاء: من أفطر في رمضان بسبب المرض، فعليه أن يقضي الأيام التي أفطرها بعد شفائه، وذلك عندما يتمكن من ذلك دون مشقة.

قال الله تعالى في القرآن الكريم: ""وَمَن كَانَ مَرِيضًا أَوْ عَلَىٰ سَفَرٍ فَعِدَّةٌ مِّنْ أَيَّامٍ أُخَرَ يُرِيدُ ٱللَّهُ بِكُمُ ٱلْيُسْرَ وَلَا يُرِيدُ بِكُمُ ٱلْعُسْرَ"" (البقرة: 185).

بناءً على ذلك، من كان مصابًا بمرض كورونا ويشعر بأن الصيام يزيد من مرضه أو يؤخر شفائه، فيجوز له الإفطار مع ضرورة قضاء ما أفطره بعد الشفاء.",1
"ما هو شرح حديث ،"" يخرج عنق من النار يوم القيامة لها عينان تبصران، وأذنان تسمعان","شرحه كما جاء في مرقاة المفاتيح شرح مشكاة المصابيح للملا قاري: قَالَ: قَالَ رَسُولُ اللَّهِ- صَلَّى اللَّهُ عَلَيْهِ وَسَلَّمَ: يَخْرُجُ عُنُقٌ):. أَيْ شَخْصٌ قَوِيٌّ، وَقِيلَ هُوَ طَائِفَةٌ.(مِنَ النَّارِ يَوْمَ الْقِيَامَةِ): ظَرْفٌ لَهُ، ثُمَّ الضَّمِيرُ فِي قَوْلِهِ:(لَهَا): رَاجِعٌ إِلَى مَعْنَى عُنُقٍ قَالَهُ الطِّيبِيُّ، وَالظَّاهِرُ أَنَّ الْمُرَادَ بِالْعُنُقِ الْجِيدُ عَلَى مَا هُوَ الْمَعْرُوفُ فِي اللُّغَةِ إِذْ لَا صَارِفَ عَنْ ظَاهِرِهِ فَهُوَ مُؤَنَّثٌ، وَالْمَعْنَى أَنَّهُ تَخْرُجُ قِطْعَةٌ مِنَ النَّارِ عَلَى هَيْئَةِ الرَّقَبَةِ الطَّوِيلَةِ لَهَا (عَيْنَانِ تُبْصِرَانِ، وَأُذُنَانِ تَسْمَعَانِ، وَلِسَانٌ يَنْطِقُ): كَمَا وَرَدَ مِثْلُ هَذِهِ الْأَوْصَافِ فِي الْحَجَرِ الْأَسْوَدِ الْأَسْعَدُ يَشْهَدُ لِمَنْ وَافَاهُ بِالْعَهْدِ الْمِيثَاقِيِّ يَوْمَ الْقِيَامَةِ (يَقُولُ): بِصِيغَةِ التَّذْكِيرِ، وَهُوَ بَدَلٌ مِنْ يَنْطِقُ أَوْ حَالٌ، وَالْمَعْنَى يَقُولُ لِسَانُهَا حَالًا أَوْ مَقالًا (إِنِّي وُكِّلْتُ بِثَلَاثَةٍ): أَيْ وَكَّلَنِيِ اللَّهُ بِأَنْ أُدْخِلَ هَؤُلَاءِ الثَّلَاثَةَ النَّارَ، وَأُعَذِّبَهُمْ بِالْفَضِيحَةِ عَلَى رُؤُوسِ الْأَشْهَادِ (بِكُلِّ جَبَّارٍ): أَيْ ظَالِمٍ (عَنِيدٍ): أَيْ مُعَانِدٍ مُتَكَبِّرٍ عَنِ الْحَقِّ مُلَازِمٍ عَلَى الْبَاطِلِ، وَفِي النِّهَايَةِ: الْجَبَّارُ هُوَ الْمُتَمَرِّدُ الْعَاتِي وَالْعَنِيدُ الْجَائِرُ عَنِ الْقَصْدِ الْبَاغِي الَّذِي يَرُدُّ الْحَقَّ مَعَ الْعِلْمِ بِهِ.(وَكُلُّ مَنْ دَعَا مَعَ اللَّهِ إِلَهًا آخَرَ، وَبِالْمُصَوِّرِينَ) وَفِي هَذَا تَهْدِيدٌ شَدِيدٌ وَوَعِيدٌ أَكِيدٌ"" انتهى. ولم يتضح لنا وجه الإشكال عند السائل في قوله:(كيف يكون ذلك العينان والأذنان واللسان من خصائص الإنسان، ولماذا لم يقل عين وأذن و لسان، أو يقل تبصر وتسمع وتتكلم من دون تحديد الأعضاء) إذ لا ذكر للإنسان في الحديث أصلا، وإنما فيه ذكر مخلوق يخرج من النار على الهيئة المذكورة في الحديث ينطقه الله الذي أنطق كل شيء، والله عز وجل قادر على كل شيء. فالحديث كما رأيت يتضمن تهديدا شديدا ووعيدا أكيدا لثلاثة أصناف من العصاة -نسأل الله تعالى السلامة العافية- وهو ترهيب وتحذير من هذا النوع من المعاصي .","الحديث الذي تقول فيه: ""يخرج عنق من النار يوم القيامة، لها عينان تبصران، وأذنان تسمعان، ولسان ينطق، يقول: إني وكلت بثلاثة: بكل جبار عنيد، وبكل من دعا مع الله إلهًا آخر، وبالمصورين"" رواه الترمذي وأحمد وغيرهما.

شرح الحديث:

العنق: كلمة ""العنق"" في هذا الحديث تشير إلى جزء من النار، وقد ورد في التفسير أن المقصود بذلك هو قطعة أو جزء من النار يخرج ليعبر عن هول النار وقوتها وشدتها. والعنق هنا قد يكون رمزًا للقوة والجلال الذي يخرج من النار يوم القيامة.

لها عينان تبصران، وأذنان تسمعان، ولسان ينطق: يصف الحديث هذا العنق من النار بأنه كائن حي يملك عينين وأذنين ولسانًا، وهو قادر على التمييز بين الناس وعلى الكلام. هذا الوصف يشير إلى قدرة الله سبحانه وتعالى على أن يجعل النار تتحدث وتبصر وتسمع، وهو من الأمور الغيبية التي يجب الإيمان بها كما وردت في النصوص.

إني وكلت بثلاثة: يعني أن هذا العنق من النار مُكلفٌ بعقاب ثلاثة أنواع من الناس على وجه الخصوص:

الجبار العنيد: الشخص المتكبر والمتسلط الذي يتحدى أوامر الله ويظلم الناس.
من دعا مع الله إلهًا آخر: الشخص الذي يشرك بالله ويعبد غيره من الآلهة.
المصورون: الذين يصنعون الصور المجسمة التي تهدف إلى التقليد المباشر لخلق الله، خاصة إذا كانت تعبد من دون الله، وهذا يشمل الأصنام والتماثيل التي كانت تُعبد في الجاهلية.
الغاية من الحديث: يهدف الحديث إلى تحذير الناس من الكبر والعناد والشرك بالله، وكذلك من التصوير المحرم الذي يتجاوز حدود الرسم العادي إلى صنع التماثيل والأصنام التي تشبه خلق الله. إنه بيان لهول النار وعقابها، وأن النار ليست مجرد حرارة أو لهيب، بل لها قوة وقدرة على تمييز من يستحق العذاب.",0
حكم حضور المناسبات الاجتماعية التي تمارس فيها المنكرات,"الاصل في المسلم أن يقصد المواضع التي ينال فيها الاجر وأن يجتنب تلك التي تكتنفها الشبهات أو يقع فيها الحرام، وواجب المسلم تجاه هذه المناسبات أن ينصح أهلها- خاصة إن كان له كلمة تسمع عندهم- بترك المنكرات والحرام الذي فيها، فإن هم استجابوا فله الاجر، وإن لم يفعلوا فيكفيه أجر النصيحة والامر بالمعروف والنهي عن المنكر، أما أن يذهب إلى هذه المناسبات بما فيها من ارتكاب للمحرمات والاختلاط الفاحش المبتذل فلا يجوز، ولو كلفه ذلك غضب أصحابها ومقاطعتهم له، هو يبين لهم موقفه وينصح لهم بالحسنى ويوضح لهم حرمة ما يفعلون، ولا عليه بعد ذلك ماذا يقروون. لأن رضا الله أهم من رضا الناس، وما دام قد فعل ما فعل إرضاء لله تعالى، فالله حسبه وسيكفيه الاخرين، وحسبه في هذا المقام قول الرسول عليه الصلاة والسلام:{ مَن التمَس رضا اللهِ بسخَطِ النَّاسِ رضِي اللهُ عنه وأرضى النَّاسَ عنه ومَن التمَس رضا النَّاسِ بسخَطِ اللهِ سخِط اللهُ عليه وأسخَط عليه النَّاسَ}","حضور المناسبات الاجتماعية التي تمارس فيها المنكرات يعتمد على عدة عوامل وفقًا للشريعة الإسلامية:

القدرة على التغيير أو الإنكار:

إذا كان الشخص قادرًا على تغيير المنكر أو إنكاره بالحكمة والموعظة الحسنة دون أن يؤدي ذلك إلى وقوع فتنة أو ضرر أكبر، فيجوز له الحضور مع إنكار المنكر والسعي لتغييره.
قال النبي صلى الله عليه وسلم: ""من رأى منكم منكرًا فليغيره بيده، فإن لم يستطع فبلسانه، فإن لم يستطع فبقلبه، وذلك أضعف الإيمان"" (رواه مسلم).
عدم القدرة على التغيير أو الخوف من الوقوع في المنكر:

إذا كان الشخص غير قادر على إنكار المنكر أو تغييره، وكان يخشى أن يؤدي حضوره إلى مشاركته في المنكر أو موافقته عليه أو كان يشعر أن ذلك قد يؤثر على دينه أو إيمانه، فلا يجوز له الحضور.
قال الله تعالى: ""وَقَدْ نَزَّلَ عَلَيْكُمْ فِي الْكِتَابِ أَنْ إِذَا سَمِعْتُمْ آَيَاتِ اللَّهِ يُكْفَرُ بِهَا وَيُسْتَهْزَأُ بِهَا فَلَا تَقْعُدُوا مَعَهُمْ حَتَّى يَخُوضُوا فِي حَدِيثٍ غَيْرِهِ إِنَّكُمْ إِذًا مِثْلُهُمْ"" (النساء: 140).
التواجد في المكان دون المشاركة في المنكر:

إذا كان الشخص يعتقد أنه يمكنه حضور المناسبة دون أن يشارك في المنكرات، ودون أن يُفهم من حضوره أنه موافق على هذه المنكرات، وكان هناك مصلحة شرعية في حضوره، كصلة الرحم أو دعوة الناس للخير، فيجوز له الحضور مع الحرص على الابتعاد عن المنكرات وعدم الانخراط فيها.
ضرورة حضور المناسبات العائلية أو الاجتماعية:

في بعض الأحيان، قد يكون هناك ضغط اجتماعي أو عائلي لحضور المناسبات، وفي هذه الحالة، إذا كان الشخص مضطرًا للحضور، فينبغي عليه أن يكون حريصًا على تجنب المنكرات بقدر الإمكان وأن ينوي أن يكون حضوره وسيلة لدعوة الناس إلى الخير والتذكير بأحكام الشرع.
بناءً على ما سبق، إذا كان الحضور يؤدي إلى الوقوع في المنكر أو كان فيه رضا بالمنكرات دون إنكارها، فلا يجوز الحضور. أما إذا كان الشخص قادرًا على إنكار المنكر أو تجنبه بشكل فعّال، فيمكنه الحضور مع الالتزام بالضوابط الشرعية.",0
سب الله والرسول والتوبة عن ذلك,"بداية الشعور بالذنب والالم على ارتكاب معصية هو أمر إيجابي ويدل على الخير في نفس صاحبه خاصة بعد توبته وأوبته إلى الله سبحانه وتعالى، ولكن من الخطأ أن يحملنا الألم والندم على القنوط من رحمة الله تعالى بل إن هذا مخالف لمنهج القرآن الكريم وسنة نبينا العظيم، حيث يدعو الله سبحانه العصاة من عباده إلى الاقبال عليه والعودة إلى صراطه المستقيم فيقول جلّ شأنه :( قل يا عبادي الذين أسرفوا على أنفسهم لا تقنطوا من رحمة الله إن الله يغفر الذنوب جميعا إنه هو الغفور الرحيم) هذا حاله سبحانه ورفقه بالعاصين فكيف يكون الحال مع التائبين؟! لذا اجعل من خطأك سبيلا لتعزيز علاقتك بالله سبحانه وتقوية صلتك به ولا تذكره ولا تتذكره وأقبل على الله سبحانه بحب ورجاء فالله سبحانه غفور رحيم.","سب الله تعالى أو سب الرسول صلى الله عليه وسلم من أعظم الذنوب وأشدها حرمة في الإسلام، ويُعتبر من الكفر البواح الذي يُخرج صاحبه من ملة الإسلام إذا كان عن علم واختيار، ولم يكن عن خطأ أو إكراه أو جهل معتبر.

حكم سب الله أو الرسول صلى الله عليه وسلم:

الردة عن الإسلام: من سب الله أو رسوله فقد ارتكب كفرًا مخرجًا من الملة، ويُعتبر مرتدًا عن الإسلام. قال الله تعالى: ""قُلْ أَبِاللَّهِ وَآيَاتِهِ وَرَسُولِهِ كُنتُمْ تَسْتَهْزِئُونَ * لَا تَعْتَذِرُوا قَدْ كَفَرْتُمْ بَعْدَ إِيمَانِكُمْ"" (التوبة: 65-66).

وجوب التوبة: على من وقع في هذا الذنب العظيم أن يتوب إلى الله توبة نصوحًا، ويجب أن تكون التوبة صادقة وخالصة لله، متضمنة الأمور التالية:

الإقلاع عن الذنب فورًا: أن يتوقف عن السب أو الاستهزاء بالله أو برسوله صلى الله عليه وسلم.
الندم على ما فعل: أن يشعر بالندم والحزن العميق على هذا الذنب العظيم.
العزم على عدم العودة إليه: أن يكون لديه نية صادقة بعدم العودة إلى هذا الذنب أبدًا.
الإكثار من الأعمال الصالحة: ليكفر عن هذا الذنب وليقرب من الله تعالى ويطلب مغفرته.
أثر التوبة: التوبة الصادقة تمحو الذنب مهما كان عظيمًا. قال الله تعالى: ""قُلْ يَا عِبَادِيَ الَّذِينَ أَسْرَفُوا عَلَى أَنفُسِهِمْ لَا تَقْنَطُوا مِن رَّحْمَةِ اللَّهِ إِنَّ اللَّهَ يَغْفِرُ الذُّنُوبَ جَمِيعًا إِنَّهُ هُوَ الْغَفُورُ الرَّحِيمُ"" (الزمر: 53).

الحكم بعد التوبة: إذا تاب الشخص توبة صادقة فإن الله يغفر له ذنبه ويعيده إلى الإسلام، ويجب على المجتمع أن يعامل التائب معاملة المسلم المؤمن ولا يحكم عليه بما كان قد اقترف قبل توبته، حيث إن الإسلام يفتح باب التوبة أمام الجميع.",1
