question,answer,context,generated_answer
ما حكم بيع اسم الشهرة، بمعنى بيع العلامة التجارية؟,فإن أحداً من أئمة المذاهب الفقهية القديمة في الاسلام لم يتناول هذه المسألة بالبحث لعدم وجودها في زمانهم، فهي من النوازل المستحدثة الناجمة عن التقدم العلمي والتطور الاقتصادي المعاصر، والتي بحثها العلماء المعاصرون بحسب ما تقتضيه قواعد العدل والمصلحة في الشريعة الاسلامية، وللإجابة عن المسألة المشار اليها سنبين الآتي: أولاً: المفهوم: إن الاسم التجاري أو اسم الشهرة يطلق على التسمية التي يستخدمها التاجر كعلامة تميز مشروعه التجاري عن غيره من حيث خصوصية نوع السلع وحسن المعاملة والخدمة التي اشتهر بسببها المحل وأصبح ذو سمعة طيبة جذبت الجمهور اليه. وهذا الاسم التجاري أو اسم الشهرة يوضع على لافته خاصة بالمحل التجاري وعلى جميع أوراقه الخاصة ومنتجاته التي يصنعها لتمييزها عما يماثلها من السلع الأخرى. ثانياً: الهدف والغاية من تسجيل وتثبيت اسم الشهرة أو الاسم التجاري: إن اسم الشهرة أو الإسم التجاري أو العلامة التجارية يهدف الى:-تمييز الصناعة المعلمة أو المسجلة بماركة معينة عن غيرها من المنتجات التي تماثلها.-جذب العملاء والمستهلكين لما تتميز به هذا السلع من خصائص إيجابية عن غيرها.-حق الحماية والاختصاص: فالشهرة أو الاسم التجاري يتحقق لصاحبة نتيجة جهد واتقان في العمل أدى الى ذيوع صيته بين الناس واقبالهم عليه لتمييز منتجاته عن غيرها. وبهذا المعنى ذهب أكثر العلماء المعاصرين الى اعتبار اسم الشهرة أو الاسم التجاري حقاً لصاحبه يمنحه حق الاستعمال والاستئثار والإختصاص بالبيع أو الهبة دون غيره، ولا يحق لأحد استعماله إلا بإذن صاحبه تماماً كما هو الحال في الحق العيني (حق الملكية المادية). ثالثاً: حجية اعتبار اسم الشهرة من الحقوق التي يجوز الاستعاضة عنه بمال ومستند اعتبار اسم الشهرة أو الاسم التجاري من الحقوق المعنوية التي لا يجوز التعدي عليها وانها حق خالصٌ لصاحبها يحل له الاستعاضة عنها بمال ما يلي: أ)العرف المستعمل بين التجار في بيع وشراء هذا الحق وسن القوانين التي تحميه من الاعتداء عليه. ب)كما أن المصلحة المرسلة تشهد له بالحجية لتأكد المصلحة في اعتبار ماليته، ووجوب حمايته. ج)والفقه الحنبلي ذهب الى معنى متطور في اعتبار مالية الأشياء وأن المنظور إليه في الأشياء ليس هو عينية الشيء المادي فقط بل هو منفعته واثره. جاء في المغني: إن ما لا منفعة فيه ليس بمال ولو كان شيئاً عينياً ولا يجوز بيعه، فمناط المالية المنفعة لا عينها. والقياس العام يشمل كل نفع ذي قيمة بين الناس إن لم يكن محرماً الانتفاع به شرعاً مما استلزم جريان المعاوضة فيه عرفاً. د)وذهب الى هذا الرأي مجمع الفقه الاسلامي في دورته الخامسة المنعقدة في دولة الكويت في جمادى الأولى -1409ه-10/12/1988م ومما جاء في القرار: 1-الاسم التجاري والعنوان التجاري والعلامة التجارية وحق التأليف والاختراع والابتكار هي حقوق خاصة للأصحابها أصبح لها في العرف المعاصر قيمة مالية معتبرة لتمول الناس بها وهذه الحقوق يعتد بها شرعاً فلا يجوز الاعتداء عليها. 2-يجوز التصرف في الاسم التجاري أو العنوان التجاري أو العلامة التجارية ونقل أي منها بعوض مالي اذا انتفى الغرر والتدليس والغش باعتبار أن ذلك أصبح حقاً مالياً. وعليه: فإن مجلس الافتاء الأعلى في فلسطين يؤكد على هذا الرأي ويرى جواز بيع الشهرة أو الاسم التجاري وجوازالاستعاضة عنه بمال اذا انتفى عنه الغش والتدليس. والله تعالى أعلم المراجع:-الفقه الاسلامي المقارن، مسألة حق الابتكار، د. محمد فتحي الدريني ص 266.-بيع الاسم التجاري، د. وهبة الزحيلي -المعاملات المالية المعاصرة، د. محمد الشبير ص67.-البيوع الشائعة وأثر ضوابط المبيع على شرعيتها، د. محمد توفيق رمضان البوطي ص 166.-ابن قدامة: المغني 6/184.,"الحمد لله رب العالمين والصلاة والسلام على سيدنا محمد صلى الله عليه وسلم وعلى آله وصحبه أجمعين وبعد،
فإن أحداً من أئمة المذاهب الفقهية القديمة في الاسلام لم يتناول هذه المسألة بالبحث لعدم وجودها في زمانهم، فهي من النوازل المستحدثة الناجمة عن التقدم العلمي والتطور الاقتصادي المعاصر، والتي بحثها العلماء المعاصرون بحسب ما تقتضيه قواعد العدل والمصلحة في الشريعة الاسلامية، وللإجابة عن المسألة المشار اليها سنبين الآتي:
أولاً:    المفهوم: إن الاسم التجاري أو اسم الشهرة يطلق على التسمية التي يستخدمها التاجر كعلامة تميز مشروعه التجاري عن غيره من حيث خصوصية نوع السلع وحسن المعاملة والخدمة التي اشتهر بسببها المحل وأصبح ذو سمعة طيبة جذبت الجمهور اليه.
وهذا الاسم التجاري أو اسم الشهرة يوضع على لافته خاصة بالمحل التجاري وعلى جميع أوراقه الخاصة ومنتجاته التي يصنعها لتمييزها عما يماثلها من السلع الأخرى.

ثانياً: الهدف والغاية من تسجيل وتثبيت اسم الشهرة أو الاسم التجاري: إن اسم الشهرة أو الإسم التجاري أو العلامة التجارية يهدف الى:
-تمييز الصناعة المعلمة أو المسجلة بماركة معينة عن غيرها من المنتجات التي تماثلها.
-جذب العملاء والمستهلكين لما تتميز به هذا السلع من خصائص إيجابية عن غيرها.
-حق الحماية والاختصاص:
فالشهرة أو الاسم التجاري يتحقق لصاحبة نتيجة جهد واتقان في العمل أدى الى ذيوع صيته بين الناس واقبالهم عليه لتمييز منتجاته عن غيرها. وبهذا المعنى ذهب أكثر العلماء المعاصرين الى اعتبار اسم الشهرة أو الاسم التجاري حقاً لصاحبه يمنحه حق الاستعمال والاستئثار والإختصاص بالبيع أو الهبة دون غيره، ولا يحق لأحد استعماله إلا بإذن صاحبه تماماً كما هو الحال في الحق العيني (حق الملكية المادية).
ثالثاً: حجية اعتبار اسم الشهرة من الحقوق التي يجوز الاستعاضة عنه بمال
ومستند اعتبار اسم الشهرة أو الاسم التجاري من الحقوق المعنوية التي لا يجوز التعدي عليها وانها حق خالصٌ لصاحبها يحل له الاستعاضة عنها بمال ما يلي:
أ)العرف المستعمل بين التجار في بيع وشراء هذا الحق وسن القوانين التي تحميه من الاعتداء عليه.
ب)كما أن المصلحة المرسلة تشهد له بالحجية لتأكد المصلحة في اعتبار ماليته، ووجوب حمايته.
ج)والفقه الحنبلي ذهب الى معنى متطور في اعتبار مالية الأشياء وأن المنظور إليه في الأشياء ليس هو عينية الشيء المادي فقط بل هو منفعته واثره. جاء في المغني: إن ما لا منفعة فيه ليس بمال ولو كان شيئاً عينياً ولا يجوز بيعه، فمناط المالية المنفعة لا عينها.. والقياس العام يشمل كل نفع ذي قيمة بين الناس إن لم يكن محرماً الانتفاع به شرعاً مما استلزم جريان المعاوضة فيه عرفاً.
د)وذهب الى هذا الرأي مجمع الفقه الاسلامي في دورته الخامسة المنعقدة في دولة الكويت في جمادى الأولى -1409ه-10/12/1988م ومما جاء في القرار:
1-الاسم التجاري والعنوان التجاري والعلامة التجارية وحق التأليف والاختراع والابتكار هي حقوق خاصة للأصحابها أصبح لها في العرف المعاصر قيمة مالية معتبرة لتمول الناس بها وهذه الحقوق يعتد بها شرعاً فلا يجوز الاعتداء عليها.
2-يجوز التصرف في الاسم التجاري أو العنوان التجاري أو العلامة التجارية ونقل أي منها بعوض مالي اذا انتفى الغرر والتدليس والغش باعتبار أن ذلك أصبح حقاً مالياً.
وعليه: فإن مجلس الافتاء الأعلى في فلسطين يؤكد على هذا الرأي ويرى جواز بيع الشهرة أو الاسم التجاري وجوازالاستعاضة عنه بمال اذا انتفى عنه الغش والتدليس.
والله تعالى أعلم

المراجع:
-الفقه الاسلامي المقارن، مسألة حق الابتكار، د. محمد فتحي الدريني ص 266.
-بيع الاسم التجاري، د. وهبة الزحيلي
-المعاملات المالية المعاصرة، د. محمد الشبير ص67.
-البيوع الشائعة وأثر ضوابط المبيع على شرعيتها، د. محمد توفيق رمضان البوطي ص 166.
-ابن قدامة: المغني 6/184.


الحمد لله والصلاة والسلام على رسول الله وعلى آله وصحبه، أما بعـد:

فإن كان مقصودك بالأصل التجاري الاسم الذي اتخذته عنواناً لمحلك وأصبح له شهرة فهذا لا حرج في بيعه والاعتياض عنه إذ صار له في العرف المعاصر قيمة مادية معتبرة، وقد صدرت فتوى بهذا الخصوص من مجمع الفقه الإسلامي في دورته المنعقدة بالكويت عام 1405هـ جاء فيها: الاسم التجاري والعنوان التجاري والعلامة التجارية هي حقوق خاصة لأصحابها، أصبح لها في العرف المعاصر قيمة مادية معتبرة لتمول الناس بها وهذه الحقوق يعتد بها شرعاً. انتهى.

وأما إن كنت تقصد بدل الخلو فهذا له ضوابط شرعية بيناها في الفتويين: 9528، 9664. وذكرنا فيهما أن محل جواز الاعتياض عنه ما إذا كانت إجارته للمحل سارية، فإن انتهت دون تجديدها من طرفي العقد لم يجز للمستأجر المطالبة ببدل خلو لتسليم المفتاح أو غيره، ولو كان في القانون ما يخالف ذلك فلا عبرة به شرعاً، وأما الأدوات التي تملكها والبضاعة ونحوها فلا حرج في بيعه أو إجارته وطلب الاعتياض عنه من صاحب المحل أو غيره.

والله أعلم.","حكم بيع اسم الشهرة أو العلامة التجارية: 
جواز بيع الشهرة أو الاسم التجاري وجواز الاستعاضة عنه بمال إذا انتفى عنه الغش والتدليس."
ما حكم رجوع المطلقة لزوجها بعد قبض شيء من المؤخر؟,السلام عليكم ورحمة الله وبركاته. بالإشارة إلى سؤالك المثبت نصه أعلاه، فإن رجوع المطلقة لطليقها مشروع ولو بعد قبض المؤخر أو جزء منه، وذلك بعقد ومهر جديدين وموافقة المرأة على العودة لهذا الرجل، شريطة أن لا تكون وقعت عليها ثلاث طلقات، فعند ذلك لا يحل لها الرجوع إلا بعد الزواج من رجل آخر على أن لا يكون الزواج بنية التحليل وأن يكون زواجا بعقد ودخول. والله يقول الحق وهو يهدي السبيل,"الحمد لله رب العالمين، والصلاة والسلام على أشرف الخلق سيدنا محمد الأمين، وعلى آله وصحبه أجمعين، وبعد؛

السلام عليكم ورحمة الله وبركاته.

بالإشارة إلى سؤالك المثبت نصه أعلاه، فإن رجوع المطلقة لطليقها مشروع ولو بعد قبض المؤخر أو جزء منه، وذلك بعقد ومهر جديدين وموافقة المرأة على العودة لهذا الرجل، شريطة أن لا تكون وقعت عليها ثلاث طلقات، فعند ذلك لا يحل لها الرجوع إلا بعد الزواج من رجل آخر على أن لا يكون الزواج بنية التحليل وأن يكون زواجا بعقد ودخول.

والله يقول الحق وهو يهدي السبيل


الحمد لله والصلاة والسلام على رسول الله وعلى آله وصحبه، أما بعـد:
فلا يلزمك رد مؤخر الصداق إليه أو أداء أي شيء من مالك مقابل إرجاعه لك سواء أكنت في العدة ، أم كنت خرجت منها وسيتزوجك من جديد، لكن لا حرج عليك أن تؤدي إليه ما شئت من مالك عن طيب نفس منك إن كنت رشيدة، وله اشتراط ذلك، لكن لا تلزمك إجابته كما ذكرنا، وإن أجبته إلى شرطه فلا حرج عليك.

وننبهك إلى أن ذمته قد برئت من مؤخر الصداق لأنه قد دفعه إليك، وإن رددته إليه الآن على سبيل القرض فإنه يكون دينا في ذمته حتى يؤديه أو تبرئيه منه، وهو قرض لا مؤخر صداق، وإن وهبته إياه ليرجعك إلى عصمته فلا حرج عليك إن كنت رشيدة.

وللفائدة يرجى مراجعة هاتين الفتويين: 114779، 52516.


الحمد لله، والصلاة والسلام على رسول الله، وعلى آله، وصحبه، أما بعد:

فمن طلق زوجته طلاقا رجعيا، ولم يراجعها في العدة حتى انقضت عدتها منه، أو بانت منه بينونة صغرى، أو بانت منه بينونة كبرى، وتزوجها رجل بعده نكاح رغبة لا نكاح تحليل، ودخل بها الزوج الجديد ثم طلقها، أو مات عنها، وانقضت عدتها منه. فإنه في كل هذه الحالات، إذا أراد الرجل العود إلى زوجته السابقة، لا بد له من إنشاء عقد جديد برضاها، وبمهر جديد، وولي وشهود.

ولا حق له في استرجاع أي شيء من المهر السابق: مقدمه ومؤخره، ولا في أي شيء من الحقوق التي استوفتها منه في الزواج السابق بينهما، إذ لا فرق بين زواجه بها الآن، وزواجه بأي امرأة أخرى لم يسبق له الزواج منها.

وانظر الفتاوى: 76094، 293722، 1755، 4116.

والله أعلم.",حكم رجوع المطلقة لزوجها بعد قبض شيء من المؤخر هو مشروع ولو بعد قبض المؤخر أو جزء منه، وذلك بعقد ومهر جديدين وموافقة المرأة على العودة لهذا الرجل، شريطة أن لا تكون وقعت عليها ثلاث طلقات.
التوبة من المعاصي والندم عل ارتكابها,قبل الاجابة على سؤالك نرى أنه من الاهمية بمكان أن نوضح مسألة تطرقت إليها في سؤالك؛ ألا وهي الوسواس وإنه ثمة فرق كبير بين خشية الله وتقواه وبين الوسواس فالتقوى محمودة والوسواس مذموم. مراجعة الذات واستحضار الذنوب والندم عل فعلها واستمرار الاستغفار منها والبعد عنها والعزم على عدم العودة إليها هو كل ما يلزم المسلم المذنب الذي يريد التوبة إل الله والعودة إلى صراطه المستقيم، ولا حاجة للتفكير بالانتحار والخلاص من الحياة بسبب ذنب مهما كان صغيرا أو كبيرا فهذا ما لا يريده الله ولا دعا إليه، بل إنه سبحانه دعا من أسرف وبالغ في الذنوب وتجاوز الحدود في اقتراف الذنوب صغيرها وكبيرها فناداه ربه بخطاب يفيض رحمة ولطفا( قُلْ يَٰعِبَادِىَ ٱلَّذِينَ أَسْرَفُواْ عَلَىٰٓ أَنفُسِهِمْ لَا تَقْنَطُواْ مِن رَّحْمَةِ ٱللَّهِۚ إِنَّ ٱللَّهَ يَغْفِرُ ٱلذُّنُوبَ جَمِيعًاۚ إِنَّهُۥ هُوَ ٱلْغَفُورُ ٱلرَّحِيمُ) فهل بقي بعد هذا القول قول؟ أبواب رحمة الله مفتوحة فادخليها ودعي عنك وساوس الشيطان وهمزاته وأكثري من الدعاء بالتوفيق والخير والقبول والثبات عل صراط الله المستقيم والله يحفظك ويوفقك لكل خير.,"الحمد لله والصلاة والسلام على رسول الله وعلى آله وصحبه ومن والاه وبعد:
قبل الاجابة على سؤالك نرى أنه من الاهمية بمكان أن نوضح مسألة تطرقت إليها في سؤالك؛ ألا وهي الوسواس وإنه ثمة فرق كبير بين خشية الله وتقواه وبين الوسواس فالتقوى محمودة والوسواس مذموم.

مراجعة الذات واستحضار الذنوب  والندم عل فعلها واستمرار الاستغفار منها والبعد عنها والعزم على عدم العودة إليها هو كل ما يلزم المسلم المذنب الذي يريد التوبة إل الله والعودة إلى صراطه المستقيم، ولا حاجة للتفكير بالانتحار والخلاص من الحياة بسبب ذنب مهما كان صغيرا أو كبيرا فهذا ما لا يريده الله ولا دعا إليه، بل إنه سبحانه دعا من أسرف وبالغ في الذنوب وتجاوز الحدود في اقتراف الذنوب صغيرها وكبيرها فناداه ربه بخطاب يفيض رحمة ولطفا( قُلْ يَٰعِبَادِىَ ٱلَّذِينَ أَسْرَفُواْ عَلَىٰٓ أَنفُسِهِمْ لَا تَقْنَطُواْ مِن رَّحْمَةِ ٱللَّهِ ۚ إِنَّ ٱللَّهَ يَغْفِرُ ٱلذُّنُوبَ جَمِيعًا ۚ إِنَّهُۥ هُوَ ٱلْغَفُورُ ٱلرَّحِيمُ) فهل بقي بعد هذا القول قول؟ 
أبواب رحمة الله مفتوحة فادخليها ودعي عنك وساوس الشيطان وهمزاته وأكثري من الدعاء بالتوفيق والخير والقبول والثبات عل صراط الله المستقيم والله يحفظك ويوفقك لكل خير.

قد بين الله في كتابه العظيم أنه سبحانه يقبل التوبة من عباده مهما تنوعت ذنوبهم وكثرت، كما قال تعالى: قُلْ يَا عِبَادِيَ الَّذِينَ أَسْرَفُوا عَلَى أَنْفُسِهِمْ لا تَقْنَطُوا مِنْ رَحْمَةِ اللَّهِ إِنَّ اللَّهَ يَغْفِرُ الذُّنُوبَ جَمِيعًا إِنَّهُ هُوَ الْغَفُورُ الرَّحِيمُ [الزمر: 53].
أجمع العلماء أن هذه الآية في التائبين، وقد أخبر فيها سبحانه أنه يغفر الذنوب جميعا لهم، إذا صدقوا في التوبة إليه بالندم، والإقلاع عن الذنوب، والعزم على ألا يعودوا فيها، فهذه هي التوبة.ونهاهم سبحانه عن القنوط من رحمته وهو اليأس مهما عظمت الذنوب وكثرت، فرحمة الله أوسع وعفوه أعظم، قال تعالى: وَهُوَ الَّذِي يَقْبَلُ التَّوْبَةَ عَنْ عِبَادِهِ وَيَعْفُو عَنِ السَّيِّئَاتِ وَيَعْلَمُ مَا تَفْعَلُونَ [الشورى: 25]، وقال في حق النصارى: أَفَلا يَتُوبُونَ إِلَى اللَّهِ وَيَسْتَغْفِرُونَهُ وَاللَّهُ غَفُورٌ رَحِيمٌ [المائدة: 74] وقال النبي ﷺ: الإسلام يهدم ما كان قبله، والتوبة تهدم ما كان قبلها والآيات والأحاديث في هذا المعنى كثيرة.
فالواجب عليك الإقلاع عن جميع الذنوب والحذر منها، والعزم على عدم العودة فيها مع الندم على ما سلف منها؛ إخلاصا لله وتعظيما له وحذرا من عقابه، مع إحسان الظن به سبحانه، وقد صح عن رسول الله ﷺ أنه قال: يقول الله تعالى: أنا عند ظن عبدي بي وأنا معه إذا دعاني وقال عليه الصلاة والسلام في الحديث الآخر: لا يموتن أحدكم إلا وهو يحسن الظن بالله فاتق الله يا حمد، وأحسن ظنك بربك وتب إليه توبة صادقة إرضاء له سبحانه وإرغاما للشيطان، وأبشر بأنه سبحانه سيتوب عليك ويكفر سيئاتك الماضية إذا صدقت في التوبة، وهو سبحانه الصادق في وعده الرحيم بعباده.
أما الشهادة على مسمع عالم فليس ذلك بشرط، وإنما التوبة تكون بالإقرار بما جحدته، وبعملك ما تركت، فإذا كان الكفر بترك الصلاة فإن التوبة تكون بفعل الصلاة مستقبلا والندم على ما سلف والعزيمة على عدم العودة وليس عليك قضاء ما تركته من الصلوات؛ لأن التوبة تهدم ما كان قبلها.
أما إن كنت تركت الشهادتين أو شككت فيهما فإن التوبة من ذلك تكون بالإتيان بهما ولو وحدك فتقول: «أشهد أن لا إله إلا الله، وأشهد أن محمدا رسول الله» عن إيمان وصدق بأن الله معبودك الحق لا شريك له، وأن محمدا ﷺ هو عبد الله ورسوله إلى جميع الثقلين من أطاعه دخل الجنة ومن عصاه دخل النار.
أما الغسل فهو مشروع وقد أوجبه بعض العلماء على من أسلم بعد كفره الأصلي أو الردة، فينبغي لك أن تغتسل وذلك بصب الماء على جميع بدنك بنية الدخول في الإسلام والتوبة مما سلف من الكفر.
أما صلاة ركعتين بعد الغسل فلا تجب، ولكن يستحب لكل مسلم إذا تطهر الطهارة الشرعية أن يصلي ركعتين لأحاديث وردت في ذلك، وتسمى سنة الوضوء.
وأما قوله سبحانه: إِنَّ الَّذِينَ آمَنُوا ثُمَّ كَفَرُوا ثُمَّ آمَنُوا ثُمَّ كَفَرُوا ثُمَّ ازْدَادُوا كُفْرًا [النساء: 137] فليس معناها أن من زاد كفره أو تكرر لا يتوب الله عليه، وإنما معناها عند أهل العلم استمراره على الكفر حتى يموت، كما قال الله سبحانه في الآية الأخرى في سورة البقرة: إِنَّ الَّذِينَ كَفَرُوا وَمَاتُوا وَهُمْ كُفَّارٌ أُولَئِكَ عَلَيْهِمْ لَعْنَةُ اللَّهِ وَالْمَلائِكَةِ وَالنَّاسِ أَجْمَعِينَ ۝ خَالِدِينَ فِيهَا لا يُخَفَّفُ عَنْهُمُ الْعَذَابُ وَلا هُمْ يُنْظَرُونَ [البقرة: 161 - 162] وقال تعالى في سورة آل عمران: إِنَّ الَّذِينَ كَفَرُوا وَمَاتُوا وَهُمْ كُفَّارٌ فَلَنْ يُقْبَلَ مِنْ أَحَدِهِمْ مِلْءُ الْأَرْضِ ذَهَبًا وَلَوِ افْتَدَى بِهِ أُولَئِكَ لَهُمْ عَذَابٌ أَلِيمٌ وَمَا لَهُمْ مِنْ نَاصِرِينَ [آل عمران: 91] وقال أيضا في سورة البقرة: وَلا يَزَالُونَ يُقَاتِلُونَكُمْ حَتَّى يَرُدُّوكُمْ عَنْ دِينِكُمْ إِنِ اسْتَطَاعُوا وَمَنْ يَرْتَدِدْ مِنْكُمْ عَنْ دِينِهِ فَيَمُتْ وَهُوَ كَافِرٌ فَأُولَئِكَ حَبِطَتْ أَعْمَالُهُمْ فِي الدُّنْيَا وَالْآخِرَةِ وَأُولَئِكَ أَصْحَابُ النَّارِ هُمْ فِيهَا خَالِدُونَ [البقرة: 217] فقد أوضح الله سبحانه في هذه الآيات الثلاث: أن حصول العذاب واللعنة، وعدم القبول وحبوط الأعمال، كل ذلك مقيد بالموت على الكفر، وقد أجمع العلماء رحمهم الله على أن الكافر مهما تنوع كفره ومهما تكررت ردته فإنه مقبول التوبة عند الله إذا تاب توبة نصوحا، وهي المشتملة على الإقلاع عن الكفر والعزيمة على عدم العودة فيه والندم على ما مضى، وإنما اختلفوا في حكم من تكررت ردته في حكم الشرع في الدنيا هل يقبل منه ويسلم من القتل أم لا تقبل منه ويقتل هذا محل الخلاف.
أما فيما بينه وبين الله سبحانه فليس في قبولها خلاف إذا كانت توبته نصوحا كما تقدم. وأرجو أن يكون فيما ذكرناه مقنع لكم وكفاية، والواجب عليكم البدار بالتوبة الصادقة والضراعة إلى الله سبحانه والإلحاح في الدعاء أن يتقبل منكم وأن يثبتكم على الحق ويعيذكم من نزغات الشيطان ووساوسه، فإنه العدو اللدود الذي يريد إهلاكك وإهلاك غيرك كما قال الله سبحانه: إِنَّ الشَّيْطَانَ لَكُمْ عَدُوٌّ فَاتَّخِذُوهُ عَدُوًّا إِنَّمَا يَدْعُو حِزْبَهُ لِيَكُونُوا مِنْ أَصْحَابِ السَّعِيرِ [فاطر: 6] فبادر إلى إرغامه بالتوبة الصادقة وأبشر بالخير والعاقبة الحميدة والنجاة من النار وقبول التوبة إذا صدقت في ذلك.
وأوصيك: بالإكثار من ذكر الله وتسبيحه وتحميده وكثرة الاستغفار والصلاة والسلام على رسول الله ﷺ ومن أفضل ذلك أن تكثر من كلمة التوحيد: لا إله إلا الله وحده لا شريك له، له الملك وله الحمد وهو على كل شيء قدير، ومن الكلمات الآتية: سبحان الله والحمد لله، ولا إله إلا الله، والله أكبر، ولا حول ولا قوة إلا بالله، سبحان الله وبحمده سبحان الله العظيم، أستغفر الله الذي لا إله إلا هو الحي القيوم وأتوب إليه، لا إله إلا أنت سبحانك إني كنت من الظالمين، اللهم إني ظلمت نفسي ظلما كثيرا ولا يغفر الذنوب إلا أنت فاغفر لي مغفرة من عندك وارحمني، إنك أنت الغفور الرحيم.
كما نوصيك أيضا: بالإكثار من تلاوة القرآن الكريم والتدبر لآياته، فإن فيه الهداية لكل خير والتحذير من كل شر، ونوصيك أيضا: بمطالعة ما تيسر من كتب الحديث المعروفة مثل: (رياض الصالحين) و (بلوغ المرام) فإن فيها ما ينفعك ويعينك على الخير إن شاء الله.
أما صوم النافلة كالإثنين والخميس، وصيام ثلاثة أيام من كل شهر فهو قربة وطاعة وفيه أجر عظيم، وتكفير للسيئات، ولكن إذا كانت أمك لا ترضى بذلك فلا تكدرها فإن الوالدة حقها عظيم وبرها من أهم الواجبات، ولعلها تخاف عليك من الكسل إذا صمت، وعدم القيام بالواجب في طلب الرزق والقيام بحاجات البيت، ومعلوم أن طلب الرزق الحلال لإعاشة العيال وأهل البيت من أفضل القربات بل من أهم الواجبات، وهو أفضل من التفرغ لصوم التطوع وصلاة التطوع، وبكل حال فالذي أنصحك به هو أن تسمع لقولها وتطيعها في مثل هذا، وإذا رأيت مجالا في المستقبل لطلبها الإذن فاستأذنها في الصوم، إذا كان الصوم لا يعطلك ولا يضعفك عن المهمات المذكورة آنفا.
والله المسئول أن يمنحك الفقه في الدين ويهديك صراطه المستقيم ويمن علينا وعليك بالتوبة النصوح، ويعيذنا وإياك وسائر المسلمين من نزغات الشيطان وشر النفس وسيئات العمل إنه جواد كريم. وصلى الله وسلم على عبده ورسوله نبينا محمد وآله وصحبه[1].
نائب رئيس الجامعة الإسلامية بالمدينة المنورة.",التوبة من المعاصي والندم على ارتكابها هي عملية إقلاع عن الذنوب والندم عليها، مع العزم على عدم العودة إليها. يجب على المسلم أن يبادر بالتوبة الصادقة والضراعة إلى الله سبحانه، وأن يلجأ إلى ذكر الله وتسبيحه وتحميده، وكثرة الاستغفار والصلاة والسلام على رسول الله. كما يُشجع على الإكثار من تلاوة القرآن الكريم والتدبر لآياته، ومطالعة كتب الحديث المعروفة. ومن المهم أن يسمع المسلم لقول والدته وتطيعها في الأمور التي لا تتعارض مع الشرع، وأن يطلب الرزق الحلال لإعاشة العيال وأهل البيت. والله سبحانه هو المسئول أن يمنح الفقه في الدين ويهدي صراطه المستقيم.
حكم الترويج لمنتجات لشركة مقابل عمولة مع شرط مسبق على المروّج بدفع مبلغ مالي,هذا حرام، ولا يجوز، وفيه ربا على المال المُعطى. وفيه غررٌ محرم. والترويج ستار لإخفاء ذلك، وليس هو مقصودًا ولا مُرادًا، وإنما المقصود أموال الناس وأخذها بهذه الطريقة، وإعطاؤهم جزءًا منها، بإيهامهم أنها عوائد على مهامٍّ. ولو كان المقصود الترويج مقابل عائد مالي، لم يكن هناك شرط على المروّج بدفع مبلغ مسبقًا. وفي لحظة معينة يتوقف هذا العمل فجأة، وتخسر الطبقة الأخيرة من الناس، بالاحتيال والنصب.,"هذا حرام، ولا يجوز، وفيه ربا على المال المُعطى. وفيه غررٌ محرم. والترويج ستار لإخفاء ذلك، وليس هو مقصودًا ولا مُرادًا، وإنما المقصود أموال الناس وأخذها بهذه الطريقة، وإعطاؤهم جزءًا منها، بإيهامهم أنها عوائد على مهامٍّ. ولو كان المقصود الترويج مقابل عائد مالي، لم يكن هناك شرط على المروّج بدفع مبلغ مسبقًا. وفي لحظة معينة يتوقف هذا العمل فجأة، وتخسر الطبقة الأخيرة من الناس، بالاحتيال والنصب.

الحمد لله والصلاة والسلام على رسول الله وعلى آله وصحبه، أما بعـد:
فما دامت هذه الشركة لا تشترط على مندوبيها لكي يعملوا معها دفع أي مبالغ بصورة مباشرة، أو غير مباشرة، لا في صورة اشتراك، ولا في صورة إلزام بشراء شيء من منتجاتها، فلا نرى مانعا شرعيا من الاستفادة من العمولات التي تمنحها هذه الشركة لمن يسوق منتجاتها بحسب الشروط التي يتفق عليها، أو يجلب لها زبائن، وراجع في ذلك الفتوى رقم: 145969.

وهذا إذا كانت العمولة معلومة مقطوعة، وأما إذا كانت نسبة من الأرباح، أو المبيعات، فجمهور أهل العلم لا يجيزون ذلك لجهالة الجعل، وقال الحنابلة: يحتمل أن تجوز الجعالة مع جهالة الجعل إذا كانت الجهالة لا تمنع التسليم بحيث تصير معلومة في المآل، وراجع في ذلك الفتوى رقم: 113868.

وأما الفرق بين التسويق الهرمي والسمسرة فيمكن أن تراجع فيه الفتوى رقم: 60978، فقد بينا فيها أن المال الذي يحصل عليه المشترك مقابل عمل غيره أي مقابل تسويق الأعضاء الذين اشتركوا من طريقه لا وجه له، بل هو أكل للمال بالباطل.

والله أعلم.","حكم الترويج لمنتجات لشركة مقابل عمولة مع شرط مسبق على المروّج بدفع مبلغ مالي هو: 

حرام، ولا يجوز، وفيه ربا على المال المُعطى. وفيه غررٌ محرم. والترويج ستار لإخفاء ذلك، وليس هو مقصودًا ولا مُرادًا، وإنما المقصود أموال الناس وأخذها بهذه الطريقة، وإعطاؤهم جزءًا منها، بإيهامهم أنها عوائد على مهامٍّ. ولو كان المقصود الترويج مقابل عائد مالي، لم يكن هناك شرط على المروّج بدفع مبلغ مسبقًا. وفي لحظة معينة يتوقف هذا العمل فجأة، وتخسر الطبقة الأخيرة من الناس، بالاحتيال والنصب."
هل يوجد وقت خاص لقراءة سورة البقرة ؟,"وبعد؛ فإنه يستحب الإكثار من قراءة القرآن الكريم عمومًا في الليل وفي النهار، وقد وردت أحاديث كثيرة تدل على فضل قراءة سورة البقرة ومنها: حديث: اقرءوا سورة البقرة فإن أخذها بركة، وتركها حسرة، ولا تستطيعها البطلة. رواه مسلم. وحديث:""إن الشيطان ينفر من البيت الذي تقرأ فيه سورة البقرة"". رواه مسلم، وحديث: أن الله عز وجل كتب كتاباً قبل أن يخلق السماوات والأرض بألفي عام أنزل منه آيتين ختم بهما سورة البقرة لا يقرآن في دار ثلاث ليال فيقر بها شيطان. رواه الترمذي والحاكم، والطبراني، وقال الهيثمي رجاله ثقات وصححه الألباني، وليس ثمة وقت خاص بقراءة سورة البقرة، فمن أراد أن يقرأها فليقرأها في أي وقت شاء، إلا أن قراءة القرآن في الثلث الأخير من الليل تفضل غيرها من الأوقات، سواء أكان ذلك بقراءة سورة البقرة أم غيرها من السور، لكونها أبعد عن الرياء وأدعى للخشوع، لقوله تعالى: مِنْ أَهْلِ الْكِتَابِ أُمَّةٌ قَائِمَةٌ يَتْلُونَ آيَاتِ اللَّهِ آنَاءَ اللَّيْلِ وَهُمْ يَسْجُدُونَ (آل عمران:113). وقوله: نعم الرجل عبد الله لو كان يصلي من الليل. رواه البخاري، يقول النووي: وإنما رجحت صلاة الليل وقراءته لكونها أجمع للقلب، وأبعد عن الشواغل والملهيات والتصرف في الحاجات، وأصونه عن الرياء وغيره من المحبطات، مع ما جاء الشرع به من إيجاد الخيرات في الليل، والله تعالى أعلم.","الحمد لله، والصلاة والسلام على رسول الله، وعلى آله، وصحبه، أما بعد:

فيستحب الإكثار من قراءة القرآن عمومًا في الليل وفي النهار، وليس ثمة وقت خاص بقراءة سورة البقرة، فمن أراد أن يقرأها فليقرأها في أي وقت شاء، كما نبهنا عليه في الفتوى: 62675.

لكن دلت بعض النصوص على أفضلية قراءة الليل في العموم، لكونها أبعد عن الرياء وأدعى للخشوع، وهذا يشمل البقرة وغيرها من سور القرآن، قال الله تعالى: مِنْ أَهْلِ الْكِتَابِ أُمَّةٌ قَائِمَةٌ يَتْلُونَ آيَاتِ اللَّهِ آنَاءَ اللَّيْلِ وَهُمْ يَسْجُدُونَ [آل عمران:113]. وقال صلى الله عليه وسلم: نعم الرجل عبد الله لو كان يصلي من الليل. رواه البخاري. وكان إبراهيم النخعي يقول: اقرءوا من الليل ولو حلب شاة.
قال النووي في كتابه التبيان: وإنما رجحت صلاة الليل وقراءته لكونها أجمع للقلب، وأبعد عن الشواغل والملهيات والتصرف في الحاجات، وأصونه عن الرياء وغيره من المحبطات، مع ما جاء الشرع به من إيجاد الخيرات في الليل. اهـ.

ثم إن أوقات الليل متفاوتة في الأفضلية، وأفضلها ثلث الليل الأخير؛ قال العلامة/ محمد مولود الشنقيطي -رحمه الله-:

والليل أفضل وقوت التالي وأفضل الليل النصيف التالي.

وقال الشيخ/ صلاح عبد الفتاح الخالدي في كتابه مفاتيح للتعامل مع القرآن: وأفضل الأوقات ما كان في الثلث الأخير من الليل وقت السحر، ثم قراءة الليل، ثم قراءة الفجر، ثم قراءة الصبح، ثم قراءة باقي أوقات النهار. اهـ.

ولا حرج في قراءة سورتين يوميًّا أو أكثر أو أقل، لكن ينبغي لمن لا عذر له أن لا تمر عليه أربعون يومًا دون أن يختم القرآن الكريم، كما أسلفنا في الفتوى رقم: 146899.

والله أعلم.


الحمد لله والصلاة والسلام على رسول الله وبعد؛ فإنه يستحب الإكثار من قراءة القرآن الكريم عمومًا في الليل وفي النهار، وقد وردت أحاديث كثيرة تدل على فضل قراءة سورة البقرة ومنها: حديث: اقرءوا سورة البقرة فإن أخذها بركة، وتركها حسرة، ولا تستطيعها البطلة . رواه مسلم. وحديث: ""إن الشيطان ينفر من البيت الذي تقرأ فيه سورة البقرة"". رواه مسلم، وحديث: أن الله عز وجل كتب كتاباً قبل أن يخلق السماوات والأرض بألفي عام أنزل منه آيتين ختم بهما سورة البقرة لا يقرآن في دار ثلاث ليال فيقر بها شيطان. رواه الترمذي والحاكم، والطبراني، وقال الهيثمي رجاله ثقات وصححه الألباني،  وليس ثمة وقت خاص بقراءة سورة البقرة، فمن أراد أن يقرأها فليقرأها في أي وقت شاء، إلا أن قراءة القرآن في الثلث الأخير من الليل تفضل غيرها من الأوقات، سواء أكان ذلك بقراءة سورة البقرة أم غيرها من السور، لكونها أبعد عن الرياء وأدعى للخشوع، لقوله تعالى: مِنْ أَهْلِ الْكِتَابِ أُمَّةٌ قَائِمَةٌ يَتْلُونَ آيَاتِ اللَّهِ آنَاءَ اللَّيْلِ وَهُمْ يَسْجُدُونَ (آل عمران:113). وقوله صلى الله عليه وسلم: نعم الرجل عبد الله لو كان يصلي من الليل. رواه البخاري،

يقول النووي: وإنما رجحت صلاة الليل وقراءته لكونها أجمع للقلب، وأبعد عن الشواغل والملهيات والتصرف في الحاجات، وأصونه عن الرياء وغيره من المحبطات، مع ما جاء الشرع به من إيجاد الخيرات في الليل، والله تعالى أعلم.",لا يوجد وقت خاص لقراءة سورة البقرة، يمكن قراءتها في أي وقت. ومع ذلك، فإن قراءة القرآن في الثلث الأخير من الليل تفضل غيرها من الأوقات، بسبب ابتعادها عن الرياء وأدعى للخشوع.
حكم التجاره بالذهب على انه سلعه وتاخير الدفع الى اجل,فإن الذهب يعد أحد الأصناف الربوية التي اشترطت الشريعة لتبادلها تساوي مقدار البدلين (مثلاً بمثل) لما ورد عن النبي أنه قال:(«الذَّهَبُ بِالذَّهَبِ مِثْلًا بِمِثْلٍ، وَالوَرِقُ بِالوَرِقِ مِثْلًا بِمِثْلٍ»)[صحيح البخاري: رقم 2176]. وذلك بغض النظر عن نوعية هذا الذهب وعياره أو جودته أو رداءته، أو على اعتباره مسوغاً أم سبائك، وأي اختلاف في قدر المتبادلين من الذهب -وإن اختلفا في الجودة أو العيار- يعتبر من ربا الفضل المحرم شرعاً. والنقود المعاصرة تعامل معاملة الذهب والفضة، فيشرط تحقق التقابض المباشر دون تأجيل للثمن عند التبادل بين النقود وبين الذهب أو الفضة. ويرى الفقهاء أن الذهب نقد بالخلقة، أي أنه وجد أساسا ليكون نقدا للتبادل والاحتفاظ بالقيمة. ولا يزال تعامل الناس على هذا باعتبارهم الذهب وسيلة لحفظ القيمة، والاحتفاظ بالنقود بغير الصورة النقدية المعروفه (النقد الكاش) فيحتفظون بأموالهم من خلال الذهب. وحتى في المهر المقدم في الزواج فإن كثيرا من الأزواج يحتفظون بهذا الذهب للظروف الطارئة وحاجتهم للنقود، إضافة للزينة. وعليه فان الذهب وإن كان مصاغا او على شكل حلي للزينة فإنها تغلب عليه صفة النقد.فلا يجوز بيعه وشراؤهإالا بالثمن الحال (الكاش) تحقيقا لشرط التقابض، ولا يجوز بيع الذهب بالثمن الآجل أو من خلال تقابض المرابحة، وبهذا صدرت قرارات مجمع الفقه الاسلامي ومعايير هيئة المحاسبة والمراجعة للمؤسسات المالية الإسلامية.,"الحمد لله والصلاة والسلام على رسول الله وعلى آله وصحبه، أما بعد:

فإن بيع الذهب -ولو حليا- بالأوراق النقدية يشترط له تقابض البدلين في مجلس العقد ، دون تأخير شيء من الثمن، أو المثمن في قول جمهور أهل العلم، فإذا أجل أحدهما، فقد فسد العقد ، والدليل هو ما جاء في صحيح البخاري، من حديث أبي المنهال، حيث قال: سألت البراء بن عازب، وزيد بن أرقم عن الصرف، فقالا: كنا تاجرين على عهد النبي صلى الله عليه وسلم، فسألنا رسول الله صلى عليه وسلم عن الصرف؟ فقال: إن كان يدا بيد، فلا بأس، وإن كان نساء، فلا يصلح.

ورواه مسلم بلفظ: مَا كَانَ يَدًا بِيَدٍ، فَلَا بَأْسَ بِهِ، وَمَا كَانَ نَسِيئَةً، فَهُوَ رِبًا.

والنساء، والنسيئة واحد، وهو التأخير.
وما جاء أيضاً في صحيح مسلم عن عبد الرحمن بن أبي بكرة، عن أبيه، قال: نهى رسول الله صلى الله عليه وسلم عن الفضة بالفضة، والذهب بالذهب، إلا سواء بسواء، وأمرنا أن نشتري الفضة بالذهب كيف شئنا، ونشتري الذهب بالفضة كيف شئنا، قال: فسأله رجل فقال: يداً بيد، فقال: هكذا سمعت.
وقال ابن المنذر ـ رحمه الله ـ في كتابه الإشراف على مذاهب العلماء: وأجمع كل من أحفظ عنه من أهل العلم، على أن المتصارفين إذا افترقا قبل أن يتقابضا، أن الصرف فاسد. اهـ.
وبما أن البيع هنا فاسد -ولو كان الذهب حليا- في قول جمهور أهل العلم -والأخذ به أحوط-، فقم باسترجاع النقود التي دفعتها لبائع الذهب، وإذا شئتما عقد البيع من جديد على ما تتفقان عليه من ثمن، بشرط تقابض البدلين في مجلس العقد، قبل التفرق.

وأما على القول بعدم جريان الربا في بيع الحلي بالنقود، على اعتبار كون الصناعة أخرجت الذهب عن النقدية، وصار سلعة تباع وتشترى بالعاجل والآجل، فالبيع هنا صحيح إن كان الذهب حليا. ولا يلزم فسخ العقد على هذا القول.

يقول ابن القيم رحمه: الحلية المباحة صارت بالصنعة المباحة من جنس الثياب والسلع لا من جنس الأثمان، ولهذا لم تجب فيها الزكاة، فلا يجري الربا بينها وبين الأثمان كما لا يجري بين الأثمان وفي سائر السلع. انتهى وللمزيد يمكنك النظر في الفتوى: 104974.

والله أعلم.

الحمد لله رب العالمين والصلاة والسلام على سيد الخلق والمرسلين، وبعد:

فإن الذهب يعد أحد الأصناف الربوية التي اشترطت الشريعة لتبادلها تساوي مقدار البدلين (مثلاً بمثل) لما ورد عن النبي صلى الله عليه وسلم أنه قال: ((«الذَّهَبُ بِالذَّهَبِ مِثْلًا بِمِثْلٍ، وَالوَرِقُ بِالوَرِقِ مِثْلًا بِمِثْلٍ»)) [صحيح البخاري: رقم 2176].  وذلك بغض النظر عن نوعية هذا الذهب وعياره أو جودته أو رداءته، أو على اعتباره مسوغاً أم سبائك، وأي اختلاف في قدر المتبادلين من الذهب -وإن اختلفا في الجودة أو العيار- يعتبر من ربا الفضل المحرم شرعاً.

والنقود المعاصرة تعامل معاملة الذهب والفضة، فيشرط تحقق التقابض المباشر دون تأجيل للثمن عند التبادل بين  النقود وبين الذهب أو الفضة. ويرى الفقهاء أن الذهب نقد بالخلقة، أي أنه وجد أساسا ليكون نقدا للتبادل والاحتفاظ بالقيمة. ولا يزال تعامل الناس على هذا باعتبارهم الذهب وسيلة لحفظ القيمة، والاحتفاظ بالنقود بغير الصورة النقدية المعروفه (النقد الكاش) فيحتفظون بأموالهم من خلال الذهب.. وحتى في المهر المقدم في الزواج فإن كثيرا من الأزواج يحتفظون بهذا الذهب للظروف الطارئة وحاجتهم للنقود، إضافة للزينة. وعليه فان الذهب وإن كان مصاغا او على شكل حلي للزينة فإنها تغلب عليه صفة النقد. .فلا يجوز بيعه وشراؤهإالا بالثمن الحال (الكاش) تحقيقا لشرط التقابض، ولا يجوز بيع الذهب بالثمن الآجل أو من خلال تقابض المرابحة، وبهذا صدرت قرارات مجمع الفقه الاسلامي ومعايير هيئة المحاسبة والمراجعة للمؤسسات المالية الإسلامية.

 
",حكم التجارة بالذهب على أنه سلعة وتأخير الدفع إلى أجل هو فاسد في قول جمهور أهل العلم، حيث يشترط تقابض البدلين في مجلس العقد دون تأخير شيء من الثمن أو المثمن.
ما حكم الإفطار في رمضان للمصابين بمرض كورونا (covid 19)؟,فإن صيام شهر رمضان ركن من أركان الإسلام الخمسة، فرضه الله فرض عين على المسلم البالغ العاقل المقيم المستطيع له، فقال تعالى:{يَا أَيُّهَا الَّذِينَ آمَنُواْ كُتِبَ عَلَيْكُمُ الصِّيَامُ كَمَا كُتِبَ عَلَى الَّذِينَ مِن قَبْلِكُمْ لَعَلَّكُمْ تَتَّقُونَ}(البقرة: 183)، ويحرم التهاون في أدائه عند تحقق شروط وجوبه، فعن أبي هُرَيْرَةَ، رَفَعَهُ:(من أَفْطَرَ يَوْمًا من رَمَضَانَ من غَيْرِ عُذْرٍ، ولا مَرَضٍ، لم يَقْضِهِ صِيَامُ الدَّهْرِ، وَإِنْ صَامَهُ)(صحيح البخاري،كتاب الجمعة، بَابُ مَنْ انْتَظَرَ حَتَّى تُدْفَنَ) وشرع الإفطار في رمضان للذي يشق عليه الصوم بسبب المرض، أو يضرّه، أو يعرضه إلى حرج بالغ ومشقة غير محتملة، أو كان يحتاج إلى تناول دواء لازم في النهار، أو غذاء أو سوائل بسبب مرضه، فما جعل الله في دينه من حرج، والذي يحدد عجز المرء عن الصيام، الشخص نفسه، وطبيبه الحاذق. ويترتب على المريض الذي يفطر في حالة اضطراره لذلك أن يقضي الأيام التي أفطرها إن كان يرجى برؤه من المرض، فالله تعالى يقول:﴿فَمَنْ كَانَ مِنْكُمْ مَرِيضًا أَوْ عَلَى سَفَرٍ فَعِدَّةٌ مِنْ أَيَّامٍ أُخَرَ﴾(البقرة: 184). أما إذا كان المرض مزمنًا لا يرجى شفاؤه، فتجب عليه حينئذ الفدية، لقوله تعالى:﴿وَعَلَى الَّذِينَ يُطِيقُونَهُ فِدْيَةٌ طَعَامُ مِسْكِينٍ فَمَنْ تَطَوَّعَ خَيْرًا فَهُوَ خَيْرٌ لَهُ وَأَنْ تَصُومُوا خَيْرٌ لَكُمْ إِنْ كُنْتُمْ تَعْلَمُونَ﴾(البقرة: 184)، والفدية إطعام مسكين وجبتين من أوسط طعام مخرجها، عن كل يوم يفطر فيه، على ألا تقل قيمتها عن قيمة صدقة الفطر في حدها الأدنى. وعليه؛ فإذا ثبت طبيًا بأن الصوم يضر المصاب بمرض كورونا، فله أن يفطر في نهار رمضان، ويلزمه القضاء عند تعافيه وتمكنه من ذلك، إلا إذا كان عجزه عن الصيام دائماً فيخرج فدية عن كل يوم يفطره، بإطعام مسكين، على ألا تقل قيمة الفدية اليومية عن مقدار صدقة الفطر، وهي لهذا العام تسعة شواقل، والله تعالى أعلم.رفع الله الغمة عن خلقه، وأعاننا على صيام شهره، وقيام ليله، على الوجه الذي يرضيه سبحانه,"فإن صيام شهر رمضان ركن من أركان الإسلام الخمسة، فرضه الله فرض عين على المسلم البالغ العاقل المقيم المستطيع له، فقال تعالى: {يَا أَيُّهَا الَّذِينَ آمَنُواْ كُتِبَ عَلَيْكُمُ الصِّيَامُ كَمَا كُتِبَ عَلَى الَّذِينَ مِن قَبْلِكُمْ لَعَلَّكُمْ تَتَّقُونَ}(البقرة: 183)، ويحرم التهاون في أدائه عند تحقق شروط وجوبه، فعن أبي هُرَيْرَةَ، رَفَعَهُ: (من أَفْطَرَ يَوْمًا من رَمَضَانَ من غَيْرِ عُذْرٍ، ولا مَرَضٍ، لم يَقْضِهِ صِيَامُ الدَّهْرِ، وَإِنْ صَامَهُ)(صحيح البخاري،كتاب الجمعة، بَابُ مَنْ انْتَظَرَ حَتَّى تُدْفَنَ)
وشرع الإفطار في رمضان للذي يشق عليه الصوم بسبب المرض، أو يضرّه، أو يعرضه إلى حرج بالغ ومشقة غير محتملة، أو كان يحتاج إلى تناول دواء لازم في النهار، أو غذاء أو سوائل بسبب مرضه، فما جعل الله في دينه من حرج، والذي يحدد عجز المرء عن الصيام، الشخص نفسه، وطبيبه الحاذق.
ويترتب على المريض الذي يفطر في حالة اضطراره لذلك أن يقضي الأيام التي أفطرها إن كان يرجى برؤه من المرض، فالله تعالى يقول: ﴿فَمَنْ كَانَ مِنْكُمْ مَرِيضًا أَوْ عَلَى سَفَرٍ فَعِدَّةٌ مِنْ أَيَّامٍ أُخَرَ﴾ (البقرة: 184).
أما إذا كان المرض مزمنًا لا يرجى شفاؤه، فتجب عليه حينئذ الفدية، لقوله تعالى: ﴿وَعَلَى الَّذِينَ يُطِيقُونَهُ فِدْيَةٌ طَعَامُ مِسْكِينٍ فَمَنْ تَطَوَّعَ خَيْرًا فَهُوَ خَيْرٌ لَهُ وَأَنْ تَصُومُوا خَيْرٌ لَكُمْ إِنْ كُنْتُمْ تَعْلَمُونَ﴾ (البقرة: 184)، والفدية إطعام مسكين وجبتين من أوسط طعام مخرجها، عن كل يوم يفطر فيه، على ألا تقل قيمتها عن قيمة صدقة الفطر في حدها الأدنى.
وعليه؛ فإذا ثبت طبيًا بأن الصوم يضر المصاب بمرض كورونا، فله أن يفطر في نهار رمضان، ويلزمه القضاء عند تعافيه وتمكنه من ذلك، إلا إذا كان عجزه عن الصيام دائماً فيخرج فدية عن كل يوم يفطره، بإطعام مسكين، على ألا تقل قيمة الفدية اليومية عن مقدار صدقة الفطر، وهي لهذا العام تسعة شواقل، والله تعالى أعلم.رفع الله الغمة عن خلقه، وأعاننا على صيام شهره، وقيام ليله، على الوجه الذي يرضيه سبحانه",حكم الإفطار في رمضان للمصابين بمرض كورونا (covid 19) هو أنه إذا ثبت طبيًا بأن الصوم يضر المصاب بمرض كورونا، فله أن يفطر في نهار رمضان، ويلزمه القضاء عند تعافيه وتمكنه من ذلك، إلا إذا كان عجزه عن الصيام دائماً فيخرج فدية عن كل يوم يفطره، بإطعام مسكين، على ألا تقل قيمة الفدية اليومية عن مقدار صدقة الفطر.
"ما هو شرح حديث ،"" يخرج عنق من النار يوم القيامة لها عينان تبصران، وأذنان تسمعان","شرحه كما جاء في مرقاة المفاتيح شرح مشكاة المصابيح للملا قاري: قَالَ: قَالَ رَسُولُ اللَّهِ- صَلَّى اللَّهُ عَلَيْهِ وَسَلَّمَ: يَخْرُجُ عُنُقٌ):. أَيْ شَخْصٌ قَوِيٌّ، وَقِيلَ هُوَ طَائِفَةٌ.(مِنَ النَّارِ يَوْمَ الْقِيَامَةِ): ظَرْفٌ لَهُ، ثُمَّ الضَّمِيرُ فِي قَوْلِهِ:(لَهَا): رَاجِعٌ إِلَى مَعْنَى عُنُقٍ قَالَهُ الطِّيبِيُّ، وَالظَّاهِرُ أَنَّ الْمُرَادَ بِالْعُنُقِ الْجِيدُ عَلَى مَا هُوَ الْمَعْرُوفُ فِي اللُّغَةِ إِذْ لَا صَارِفَ عَنْ ظَاهِرِهِ فَهُوَ مُؤَنَّثٌ، وَالْمَعْنَى أَنَّهُ تَخْرُجُ قِطْعَةٌ مِنَ النَّارِ عَلَى هَيْئَةِ الرَّقَبَةِ الطَّوِيلَةِ لَهَا (عَيْنَانِ تُبْصِرَانِ، وَأُذُنَانِ تَسْمَعَانِ، وَلِسَانٌ يَنْطِقُ): كَمَا وَرَدَ مِثْلُ هَذِهِ الْأَوْصَافِ فِي الْحَجَرِ الْأَسْوَدِ الْأَسْعَدُ يَشْهَدُ لِمَنْ وَافَاهُ بِالْعَهْدِ الْمِيثَاقِيِّ يَوْمَ الْقِيَامَةِ (يَقُولُ): بِصِيغَةِ التَّذْكِيرِ، وَهُوَ بَدَلٌ مِنْ يَنْطِقُ أَوْ حَالٌ، وَالْمَعْنَى يَقُولُ لِسَانُهَا حَالًا أَوْ مَقالًا (إِنِّي وُكِّلْتُ بِثَلَاثَةٍ): أَيْ وَكَّلَنِيِ اللَّهُ بِأَنْ أُدْخِلَ هَؤُلَاءِ الثَّلَاثَةَ النَّارَ، وَأُعَذِّبَهُمْ بِالْفَضِيحَةِ عَلَى رُؤُوسِ الْأَشْهَادِ (بِكُلِّ جَبَّارٍ): أَيْ ظَالِمٍ (عَنِيدٍ): أَيْ مُعَانِدٍ مُتَكَبِّرٍ عَنِ الْحَقِّ مُلَازِمٍ عَلَى الْبَاطِلِ، وَفِي النِّهَايَةِ: الْجَبَّارُ هُوَ الْمُتَمَرِّدُ الْعَاتِي وَالْعَنِيدُ الْجَائِرُ عَنِ الْقَصْدِ الْبَاغِي الَّذِي يَرُدُّ الْحَقَّ مَعَ الْعِلْمِ بِهِ.(وَكُلُّ مَنْ دَعَا مَعَ اللَّهِ إِلَهًا آخَرَ، وَبِالْمُصَوِّرِينَ) وَفِي هَذَا تَهْدِيدٌ شَدِيدٌ وَوَعِيدٌ أَكِيدٌ"" انتهى. ولم يتضح لنا وجه الإشكال عند السائل في قوله:(كيف يكون ذلك العينان والأذنان واللسان من خصائص الإنسان، ولماذا لم يقل عين وأذن و لسان، أو يقل تبصر وتسمع وتتكلم من دون تحديد الأعضاء) إذ لا ذكر للإنسان في الحديث أصلا، وإنما فيه ذكر مخلوق يخرج من النار على الهيئة المذكورة في الحديث ينطقه الله الذي أنطق كل شيء، والله عز وجل قادر على كل شيء. فالحديث كما رأيت يتضمن تهديدا شديدا ووعيدا أكيدا لثلاثة أصناف من العصاة -نسأل الله تعالى السلامة العافية- وهو ترهيب وتحذير من هذا النوع من المعاصي .","الحمد لله والصلاة والسلام على رسول الله وعلى آله وصحبه، أما بعد:

فقد أخرج الإمام أحمد في المسند عَنْ أَبِي هُرَيْرَةَ، قَالَ: قَالَ رَسُولُ اللهِ صَلَّى اللهُ عَلَيْهِ وَسَلَّمَ: يَخْرُجُ عُنُقٌ مِنَ النَّارِ يَوْمَ الْقِيَامَةِ، لَهُ عَيْنَانِ يُبْصِرُ بِهِمَا، وَأُذُنَانِ يَسْمَعُ بِهِمَا، وَلِسَانٌ يَنْطِقُ بِهِ، فَيَقُولُ: إِنِّي وُكِّلْتُ بِثَلَاثَةٍ: بِكُلِّ جَبَّارٍ عَنِيدٍ، وَبِكُلِّ مَنِ ادَّعَى مَعَ اللهِ إِلَهًا آخَرَ، وَالْمُصَوِّرِينَ. وهو في المسند برقم: 8430، وقال محققوه: إسناده صحيح على شرط الشيخين سليمان: هو ابن مهران الأعمش، وأبو صالح: هو ذكوان السمان ـ وأخرجه الترمذي 2574، والبيهقي في الشعب6317، وفي البعث والنشور524، من طرق عن عبد العزيز بن مسلم، بهذا الإسناد، وقال الترمذي: حسن صحيح، قوله: عنق من النار ـ أي: حزمة منها. انتهى.

وأما المصورون: فقد بينا أصنافهم وأحكام التصوير في الفتاوى التالية أرقامها: 13282، 63235، 17331.

والله أعلم.


شرحه كما جاء في مرقاة المفاتيح شرح مشكاة المصابيح للملا قاري: قَالَ: قَالَ رَسُولُ اللَّهِ - صَلَّى اللَّهُ عَلَيْهِ وَسَلَّمَ: يَخْرُجُ عُنُقٌ) : ... أَيْ شَخْصٌ قَوِيٌّ، وَقِيلَ هُوَ طَائِفَةٌ.. (مِنَ النَّارِ يَوْمَ الْقِيَامَةِ) : ظَرْفٌ لَهُ، ثُمَّ الضَّمِيرُ فِي قَوْلِهِ: (لَهَا) : رَاجِعٌ إِلَى مَعْنَى عُنُقٍ قَالَهُ الطِّيبِيُّ، وَالظَّاهِرُ أَنَّ الْمُرَادَ بِالْعُنُقِ الْجِيدُ عَلَى مَا هُوَ الْمَعْرُوفُ فِي اللُّغَةِ إِذْ لَا صَارِفَ عَنْ ظَاهِرِهِ فَهُوَ مُؤَنَّثٌ، وَالْمَعْنَى أَنَّهُ تَخْرُجُ قِطْعَةٌ مِنَ النَّارِ عَلَى هَيْئَةِ الرَّقَبَةِ الطَّوِيلَةِ لَهَا (عَيْنَانِ تُبْصِرَانِ، وَأُذُنَانِ تَسْمَعَانِ، وَلِسَانٌ يَنْطِقُ) : كَمَا وَرَدَ مِثْلُ هَذِهِ الْأَوْصَافِ فِي الْحَجَرِ الْأَسْوَدِ الْأَسْعَدُ يَشْهَدُ لِمَنْ وَافَاهُ بِالْعَهْدِ الْمِيثَاقِيِّ يَوْمَ الْقِيَامَةِ (يَقُولُ) : بِصِيغَةِ التَّذْكِيرِ، وَهُوَ بَدَلٌ مِنْ يَنْطِقُ أَوْ حَالٌ، وَالْمَعْنَى يَقُولُ لِسَانُهَا حَالًا أَوْ مَقالًا (إِنِّي وُكِّلْتُ بِثَلَاثَةٍ) : أَيْ وَكَّلَنِيِ اللَّهُ بِأَنْ أُدْخِلَ هَؤُلَاءِ الثَّلَاثَةَ النَّارَ، وَأُعَذِّبَهُمْ بِالْفَضِيحَةِ عَلَى رُؤُوسِ الْأَشْهَادِ (بِكُلِّ جَبَّارٍ) : أَيْ ظَالِمٍ (عَنِيدٍ) : أَيْ مُعَانِدٍ مُتَكَبِّرٍ عَنِ الْحَقِّ مُلَازِمٍ عَلَى الْبَاطِلِ، وَفِي النِّهَايَةِ: الْجَبَّارُ هُوَ الْمُتَمَرِّدُ الْعَاتِي وَالْعَنِيدُ الْجَائِرُ عَنِ الْقَصْدِ الْبَاغِي الَّذِي يَرُدُّ الْحَقَّ مَعَ الْعِلْمِ بِهِ. (وَكُلُّ مَنْ دَعَا مَعَ اللَّهِ إِلَهًا آخَرَ، وَبِالْمُصَوِّرِينَ) وَفِي هَذَا تَهْدِيدٌ شَدِيدٌ وَوَعِيدٌ أَكِيدٌ"" انتهى . 

ولم يتضح لنا وجه الإشكال عند السائل في قوله: (كيف يكون ذلك العينان والأذنان واللسان من خصائص الإنسان ، ولماذا لم يقل عين وأذن و لسان ، أو يقل تبصر وتسمع وتتكلم من دون تحديد الأعضاء) إذ لا ذكر للإنسان في الحديث أصلا، وإنما فيه ذكر مخلوق يخرج من النار على الهيئة المذكورة في الحديث ينطقه الله الذي أنطق كل شيء ، والله عز وجل قادر على كل شيء. 
فالحديث كما رأيت يتضمن تهديدا شديدا ووعيدا أكيدا لثلاثة أصناف من العصاة -نسأل الله تعالى السلامة العافية- وهو ترهيب وتحذير من هذا النوع من المعاصي .","حسناً. 
شرح الحديث: 
يخرج عنق من النار يوم القيامة لها عينان تبصران، وأذنان تسمعان، ولسان ينطق، يقول: إني وكلت بثلاثة: بكل جبار عنيد، وبكل من ادعى مع الله إلها آخر، والمصورين. 
أي: شخص قوي، أو طائفة، يخرج من النار يوم القيامة، له عينان تبصران، وأذنان تسمعان، ولسان ينطق، ويقول: إني وكلت بثلاثة: بكل جبار عنيد، وبكل من ادعى مع الله إلها آخر، والمصورين. 
وهذا الحديث يتضمن تهديدا شديدا ووعيدا أكيدا لثلاثة أصناف من العصاة، نسأل الله تعالى السلامة والعافية."
حكم حضور المناسبات الاجتماعية التي تمارس فيها المنكرات,الاصل في المسلم أن يقصد المواضع التي ينال فيها الاجر وأن يجتنب تلك التي تكتنفها الشبهات أو يقع فيها الحرام، وواجب المسلم تجاه هذه المناسبات أن ينصح أهلها- خاصة إن كان له كلمة تسمع عندهم- بترك المنكرات والحرام الذي فيها، فإن هم استجابوا فله الاجر، وإن لم يفعلوا فيكفيه أجر النصيحة والامر بالمعروف والنهي عن المنكر، أما أن يذهب إلى هذه المناسبات بما فيها من ارتكاب للمحرمات والاختلاط الفاحش المبتذل فلا يجوز، ولو كلفه ذلك غضب أصحابها ومقاطعتهم له، هو يبين لهم موقفه وينصح لهم بالحسنى ويوضح لهم حرمة ما يفعلون، ولا عليه بعد ذلك ماذا يقروون. لأن رضا الله أهم من رضا الناس، وما دام قد فعل ما فعل إرضاء لله تعالى، فالله حسبه وسيكفيه الاخرين، وحسبه في هذا المقام قول الرسول عليه الصلاة والسلام:{ مَن التمَس رضا اللهِ بسخَطِ النَّاسِ رضِي اللهُ عنه وأرضى النَّاسَ عنه ومَن التمَس رضا النَّاسِ بسخَطِ اللهِ سخِط اللهُ عليه وأسخَط عليه النَّاسَ},"
إذا كان في حفلات الصالات اختلاط الرجال بالنساء، أو فيها من المنكرات كالموسيقى وغيرها فلا يحل حضورها، وعتب الناس أهون من غضب الله عز وجل.


الحمد لله والصلاة والسلام وعلى رسول الله وعلى آله وصحبه ومن والاه وبعد:
الاصل في المسلم أن يقصد المواضع التي ينال فيها الاجر وأن يجتنب تلك التي تكتنفها الشبهات أو يقع فيها الحرام، وواجب المسلم تجاه هذه المناسبات أن ينصح أهلها - خاصة إن كان له كلمة تسمع عندهم-  بترك المنكرات والحرام الذي فيها، فإن هم استجابوا فله الاجر، وإن لم يفعلوا فيكفيه أجر النصيحة والامر بالمعروف والنهي عن المنكر، أما أن يذهب إلى هذه المناسبات بما فيها من ارتكاب للمحرمات والاختلاط الفاحش المبتذل فلا يجوز، ولو كلفه ذلك غضب أصحابها ومقاطعتهم له، هو يبين لهم موقفه وينصح لهم بالحسنى ويوضح لهم حرمة ما يفعلون، ولا عليه بعد ذلك ماذا يقروون.
 لأن رضا الله أهم من رضا الناس، وما دام قد فعل ما فعل إرضاء لله تعالى، فالله حسبه وسيكفيه الاخرين، وحسبه في هذا المقام قول الرسول عليه الصلاة والسلام: {  مَن التمَس رضا اللهِ بسخَطِ النَّاسِ رضِي اللهُ عنه وأرضى النَّاسَ عنه ومَن التمَس رضا النَّاسِ بسخَطِ اللهِ سخِط اللهُ عليه وأسخَط عليه النَّاسَ}
 
 
 الحمد لله، والصلاة والسلام على رسول الله، وعلى آله وصحبه، أما بعد:
فقد سبق أن بينا في عدة فتاوى أنه لا يجوز للمسلم أن يلبي دعوة تـشـتـمل على منكرات، كما في الفتاوى التالية أرقامها: 19109، 7877، 240802.
والموسيقى من المنكرات المحرمة، فإذا علمت والدتك أن هذه المناسبات مشتملة على الموسيقى أو الاختلاط ونحو ذلك لم يجز لها حضور ذلك الحفل، إلا إذا أرادت الإنكار عليهم وعلمت أو غلب على ظنها أن المنكر سيزول بإنكارها، قال صاحب الروض المربع ـ وهو من كتب الحنابلة ـ عن إجابة الدعوة المشتملة على أمر محرم: وإن علم المدعو ثم ـ أي في الوليمة ـ منكرا كزمر، وخمر، وآلات لهو، وفرش حرير، ونحوها، فإن كان يقدر على تغييره، حضر وغيّر، لأنه يؤدي بذلك فرضين: إجابة الدعوة، وإزالة المنكر، وإلا يقدر على تغييره أبى الحضور، لحديث عمر مرفوعا: من كان يؤمن بالله واليوم الآخر، فلا يقعد على مائدة يدار عليها الخمر ـ رواه الترمذي، وإن حضر من غير علم بالمنكر ثم علم به أزاله، لوجوبه عليه، ويجلس بعد ذلك، فإن دام المنكر لعجزه أي المدعو عنه انصرف، لئلا يكون قاصدا لرؤيته وسماعه، وإن علم المدعو به ـ أي بالمنكرـ ولم يره، ولم يسمعه خير بين الجلوس والأكل والانصراف، لعدم وجوب الإنكار حينئذ. انتهى.
وإذا كان ذهاب والدتك لهذه المناسبات في غير الوقت الذي تحصل فيه المنكرات، أو في موضع لا تشاهد فيه هذه المنكرات، فهو جائز، وتكون بذلك قد جمعت بين الإنكار بالفعل بعدم حضورها المنكرات وبين عدم تفرقة العائلة، قال الرحيباني: وإن علم المدعو به ـ أي: بالمنكر ـ ولم يره، ولم يسمعه، أبيح له الجلوس والأكل نصاً، لأن المحرم رؤية المنكر وسماعه، ولم يوجد.
والله أعلم.",حكم حضور المناسبات الاجتماعية التي تمارس فيها المنكرات هو عدم الجواز، حيث يجب على المسلم تجنب هذه المناسبات إذا كانت تتضمن منكرات مثل الموسيقى أو الاختلاط الفاحش. يجب على المسلم أن ينصح أهل هذه المناسبات بترك المنكرات، وإن لم يستجيبوا، فيكفي أجر النصيحة والامر بالمعروف والنهي عن المنكر. لا يجوز للمسلم أن يحضر هذه المناسبات إذا كانت تتضمن ارتكاب للمحرمات، ولو كلفه ذلك غضب أصحابها ومقاطعتهم له. رضا الله أهم من رضا الناس، والمسلم يجب أن يفعل ما يرضي الله تعالى، حتى وإن كلفه ذلك غضب الناس.
سب الله والرسول والتوبة عن ذلك,بداية الشعور بالذنب والالم على ارتكاب معصية هو أمر إيجابي ويدل على الخير في نفس صاحبه خاصة بعد توبته وأوبته إلى الله سبحانه وتعالى، ولكن من الخطأ أن يحملنا الألم والندم على القنوط من رحمة الله تعالى بل إن هذا مخالف لمنهج القرآن الكريم وسنة نبينا العظيم، حيث يدعو الله سبحانه العصاة من عباده إلى الاقبال عليه والعودة إلى صراطه المستقيم فيقول جلّ شأنه :( قل يا عبادي الذين أسرفوا على أنفسهم لا تقنطوا من رحمة الله إن الله يغفر الذنوب جميعا إنه هو الغفور الرحيم) هذا حاله سبحانه ورفقه بالعاصين فكيف يكون الحال مع التائبين؟! لذا اجعل من خطأك سبيلا لتعزيز علاقتك بالله سبحانه وتقوية صلتك به ولا تذكره ولا تتذكره وأقبل على الله سبحانه بحب ورجاء فالله سبحانه غفور رحيم.,"الحمد لله والصلاة والسلام على رسول الله وعلى آله وصحبه، أما بعـد:

فإن سب النبي صلى الله عليه وسلم كفر قبيح يخرج صاحبه عن الملة الإسلامية، وإذا لم يتب من سب النبي صلى الله عليه وسلم فإنه يقتل لردته، لكنه إذا تاب إلى الله تعالى توبة خالصة فإن الله يتوب عليه، فالتوبة تمحو المعاصي كلها حتى الشرك بالله ، لكن ذهب جماعات من أهل العلم إلى أنه يجب عليه القتل حداً بعد التوبة .

قال شيخ الإسلام ابن تيمية في الصارم المسلول: إن من سب النبي صلى الله عليه وسلم من مسلم أو كافر فانه يجب قتله، هذا مذهب عامة أهل العلم، قال ابن المنذر: أجمع عوام أهل العلم على أن حد من سب النبي صلى الله عليه وسلم القتل. انتهـى .

وقال أيضاً: يقتل ولا يستتاب سواء كان مسلما أو كافرا، وقال ابن عقيل: قال أصحابنا في ساب النبي صلى الله عليه وسلم إنه لا تقبل توبته من ذلك لما يدخل من المعرة بالسب على النبي صلى الله عليه وسلم وهو حق لآدمي لم يعلم إسقاطه. وكذلك ذكر جماعات آخرون من أصحابنا أنه يقتل ساب النبي صلى الله عليه وسلم ولا تقبل توبته سواء كان مسلما أو كافرا ومرادهم بأنه لا تقبل توبته أن القتل لا يسقط عنه بالتوبة. انتهـى .

ثم قال: فقد تلخص أن أصحابنا حكوا في الساب إذا تاب ثلاث روايات إحداهن يقتل بكل حال وهي التي نصروها كلهم ودل عليها كلام الإمام احمد في نفس هذه المسالة وأكثر محققيهم لم يذكروا سواها. والثانية تقبل توبته مطلقا. والثالثة تقبل توبة الكافر ولا تقبل توبة المسلم. والمشهور عن مالك وأحمد أنه لا يستتاب ولا يسقط القتل عنه توبته. وذكر القاضي عياض أنه المشهور من قول السلف وجمهور العلماء وهو أحد الوجهين لأصحاب الشافعي وحكي عن مالك وأحمد أنه تقبل توبته وهو قول أبي حنيفة وأصحابه وهو المشهور من مذهب الشافعي. انتهـى .

وقال: وأيضا فلا ريب أن توبتهم – يعني المنافقين الذين سبوا رسول الله صلى الله عليه وسلم - فيما بينهم وبين الله مقبولة إذا كانت توبة صحيحة ويغفر لهم في ضمنها ما نالوه من عرض رسول الله صلى الله عليه وسلم بما أبدلوه من الإيمان به وما في ضمن الإيمان به من محبته وتعظيمه وتعزيره وتوقيره واعتقاد براءته من كل ما رموه به. انتهى.

وكذلك الحكم في من سب الله تعالى فإنه يكفر ويجب قتله وفي سقوط القتل عنه بالتوبة خلاف.

قال شيخ الإسلام ابن تيمية في الصارم المسلول: من سب الله تعالى فإن كان مسلما وجب قتله بالإجماع لأنه بذلك كافر مرتد وأسوأ من الكافر فإن الكافر يعظم الرب ويعتقد أن ما هو عليه من الدين الباطل ليس باستهزاء بالله ولا مسبة له. ثم اختلف أصحابنا وغيرهم في قبول توبته بمعنى انه هل يستتاب كالمرتد ويسقط عنه القتل إذا اظهر التوبة من ذلك بعد رفعه إلى السلطان وثبوت الحد عليه على قولين: أحدهما أنه بمنزلة ساب الرسول فيه الروايتان كالروايتين في ساب الرسول ، والثاني أنه يستتاب وتقبل توبته بمنزلة المرتد المحض .. ومن فرق بين سب الله والرسول قال سب الله تعالى كفر محض وهو حق لله وتوبة من لم يصدر منه إلا مجرد الكفر الأصلي أو الطارئ مقبولة مسقطة للقتل بالإجماع . انتهـى .

فعلم مما ذكرناه أن معنى القول بعدم قبول توبة الساب أن التوبة لا تسقط عنه القتل ، ولكن إذا تاب إلى الله تعالى توبة نصوحاً فإن توبته مقبولة عند الله إذا تحققت شروطها .

فقد قال تعالى: قُلْ يَا عِبَادِيَ الَّذِينَ أَسْرَفُوا عَلَى أَنفُسِهِمْ لَا تَقْنَطُوا مِن رَّحْمَةِ اللَّهِ إِنَّ اللَّهَ يَغْفِرُ الذُّنُوبَ جَمِيعًا إِنَّهُ هُوَ الْغَفُورُ الرَّحِيمُ {الزمر:53} .

ولمزيد الفائدة يمكنك مراجعة الفتاوى الآتية أرقامها: 47738، 1845، 77625.

وإذا ابتلي الشخص بالوسوسة في هذه الأمور فيجب عليه الإعراض عن هذه الوساوس، وإذا لم يصدر من المسلم في حال اختياره أفعال أو ألفاظ كفرية وإنما كان الشيطان يوسوس له بصدور ذلك منه فعليه أن يعرض عن ذلك ولا يشغل نفسه به ، وليعلم أنه إن صدر منه أقوال أو أفعال كفرية بغير قصد فإنه لا يكفر به،أما إن كانت هذه الأفعال قد صدرت حال الاختيار فذلك كفر والعياذ بالله تعالى، ولكن التوبة مقبولة، والله يتوب على من تاب. وراجع فتوانا رقم: 117394 وما أحيل عليه فيها.

والله أعلم.



الحمد لله والصلاة والسلام على رسول الله وعلى آله وصحبه، أما بعـد:

فسب الله تعالى كفر مخرج من الملة والعياذ بالله، ومع ذلك فمن تاب توبة صادقة تاب الله عليه.

قال الشيخ ابن عثيمين: الاستهزاء بدين الله أو سب دين الله أو سب الله ورسوله أو الاستهزاء بهما كفر مخرج عن الملة، ومع ذلك فإن هناك مجالاً للتوبة منه، لقول الله تعالى: قُلْ يَا عِبَادِيَ الَّذِينَ أَسْرَفُوا عَلَى أَنْفُسِهِمْ لا تَقْنَطُوا مِنْ رَحْمَةِ اللَّهِ إِنَّ اللَّهَ يَغْفِرُ الذُّنُوبَ جَمِيعاً إِنَّهُ هُوَ الْغَفُورُ الرَّحِيمُ، فإذا تاب الإنسان من أي ردة توبة نصوحاً استوفت شروط التوبة فإن الله تعالى يقبل توبته. اهـ. وراجعي في ذلك الفتاوى ذوات الأرقام التالية: 767، 9880، 118361 .

فعليك أختي السائلة أن تنطقي بالشهادتين وتغتسلي، وراجعي في ذلك الفتاوى: 76190، 33821، 68313. وعليك أن تجتهدي في تحقيق توبة نصوح جامعة لشروط قبولها، من الندم على ما سلف، والإقلاع عنه خوفا من الله تعالى وتعظيما له وطلبا لمرضاته، والعزم الصادق على عدم العودة إليه أبدا، مع الإكثار من الحسنات والاجتهاد في الطاعات إذهابا لهذه السيئة الضخمة، فقد قال الله تعالى: إِنَّ الْحَسَنَاتِ يُذْهِبْنَ السَّيِّئَاتِ ذَلِكَ ذِكْرَى لِلذَّاكِرِينَ. {هود: 114}. وقال النبي صلى الله عليه وسلم: أَتْبِعْ السَّيِّئَةَ الْحَسَنَةَ تَمْحُهَا. رواه أحمد والترمذي وقال: حسن صحيح. وحسنه الألباني.

ونسأل الله تعالى أن يتوب عليك وأن يغفر لك وأن يقيك شر نفسك.

والله أعلم.","سب الله والرسول والتوبة عن ذلك:

سب النبي صلى الله عليه وسلم كفر قبيح يخرج صاحبه عن الملة الإسلامية، وإذا لم يتب من سب النبي صلى الله عليه وسلم فإنه يقتل لردته، لكنه إذا تاب إلى الله تعالى توبة خالصة فإن الله يتوب عليه، فالتوبة تمحو المعاصي كلها حتى الشرك بالله.

ومن سب الله تعالى فإن كان مسلما وجب قتله بالإجماع لأنه بذلك كافر مرتد، وأسوأ من الكافر، فإن الكافر يعظم الرب ويعتقد أن ما هو عليه من الدين الباطل ليس باستهزاء بالله ولا مسبة له.

ومن تاب توبة صادقة تاب الله عليه، لقول الله تعالى: قُلْ يَا عِبَادِيَ الَّذِينَ أَسْرَفُوا عَلَى أَنفُسِهِمْ لَا تَقْنَطُوا مِن رَّحْمَةِ اللَّهِ إِنَّ اللَّهَ يَغْفِرُ الذُّنُوبَ جَمِيعًا إِنَّهُ هُوَ الْغَفُورُ الرَّحِيمُ.

وعليك أن تجتهدي في تحقيق توبة نصوح جامعة لشروط قبولها، من الندم على ما سلف، والإقلاع عنه خوفا من الله تعالى وتعظيما له وطلبا لمرضاته، والعزم الصادق على عدم العودة إليه أبدا، مع الإكثار من الحسنات والاجتهاد في الطاعات إذهابا لهذه السيئة الضخمة."
