question,answer,cand_answer,documents,context,generated_response
ما حكم بيع اسم الشهرة، بمعنى بيع العلامة التجارية؟,فإن أحداً من أئمة المذاهب الفقهية القديمة في الاسلام لم يتناول هذه المسألة بالبحث لعدم وجودها في زمانهم، فهي من النوازل المستحدثة الناجمة عن التقدم العلمي والتطور الاقتصادي المعاصر، والتي بحثها العلماء المعاصرون بحسب ما تقتضيه قواعد العدل والمصلحة في الشريعة الاسلامية، وللإجابة عن المسألة المشار اليها سنبين الآتي: أولاً: المفهوم: إن الاسم التجاري أو اسم الشهرة يطلق على التسمية التي يستخدمها التاجر كعلامة تميز مشروعه التجاري عن غيره من حيث خصوصية نوع السلع وحسن المعاملة والخدمة التي اشتهر بسببها المحل وأصبح ذو سمعة طيبة جذبت الجمهور اليه. وهذا الاسم التجاري أو اسم الشهرة يوضع على لافته خاصة بالمحل التجاري وعلى جميع أوراقه الخاصة ومنتجاته التي يصنعها لتمييزها عما يماثلها من السلع الأخرى. ثانياً: الهدف والغاية من تسجيل وتثبيت اسم الشهرة أو الاسم التجاري: إن اسم الشهرة أو الإسم التجاري أو العلامة التجارية يهدف الى:-تمييز الصناعة المعلمة أو المسجلة بماركة معينة عن غيرها من المنتجات التي تماثلها.-جذب العملاء والمستهلكين لما تتميز به هذا السلع من خصائص إيجابية عن غيرها.-حق الحماية والاختصاص: فالشهرة أو الاسم التجاري يتحقق لصاحبة نتيجة جهد واتقان في العمل أدى الى ذيوع صيته بين الناس واقبالهم عليه لتمييز منتجاته عن غيرها. وبهذا المعنى ذهب أكثر العلماء المعاصرين الى اعتبار اسم الشهرة أو الاسم التجاري حقاً لصاحبه يمنحه حق الاستعمال والاستئثار والإختصاص بالبيع أو الهبة دون غيره، ولا يحق لأحد استعماله إلا بإذن صاحبه تماماً كما هو الحال في الحق العيني (حق الملكية المادية). ثالثاً: حجية اعتبار اسم الشهرة من الحقوق التي يجوز الاستعاضة عنه بمال ومستند اعتبار اسم الشهرة أو الاسم التجاري من الحقوق المعنوية التي لا يجوز التعدي عليها وانها حق خالصٌ لصاحبها يحل له الاستعاضة عنها بمال ما يلي: أ)العرف المستعمل بين التجار في بيع وشراء هذا الحق وسن القوانين التي تحميه من الاعتداء عليه. ب)كما أن المصلحة المرسلة تشهد له بالحجية لتأكد المصلحة في اعتبار ماليته، ووجوب حمايته. ج)والفقه الحنبلي ذهب الى معنى متطور في اعتبار مالية الأشياء وأن المنظور إليه في الأشياء ليس هو عينية الشيء المادي فقط بل هو منفعته واثره. جاء في المغني: إن ما لا منفعة فيه ليس بمال ولو كان شيئاً عينياً ولا يجوز بيعه، فمناط المالية المنفعة لا عينها. والقياس العام يشمل كل نفع ذي قيمة بين الناس إن لم يكن محرماً الانتفاع به شرعاً مما استلزم جريان المعاوضة فيه عرفاً. د)وذهب الى هذا الرأي مجمع الفقه الاسلامي في دورته الخامسة المنعقدة في دولة الكويت في جمادى الأولى -1409ه-10/12/1988م ومما جاء في القرار: 1-الاسم التجاري والعنوان التجاري والعلامة التجارية وحق التأليف والاختراع والابتكار هي حقوق خاصة للأصحابها أصبح لها في العرف المعاصر قيمة مالية معتبرة لتمول الناس بها وهذه الحقوق يعتد بها شرعاً فلا يجوز الاعتداء عليها. 2-يجوز التصرف في الاسم التجاري أو العنوان التجاري أو العلامة التجارية ونقل أي منها بعوض مالي اذا انتفى الغرر والتدليس والغش باعتبار أن ذلك أصبح حقاً مالياً. وعليه: فإن مجلس الافتاء الأعلى في فلسطين يؤكد على هذا الرأي ويرى جواز بيع الشهرة أو الاسم التجاري وجوازالاستعاضة عنه بمال اذا انتفى عنه الغش والتدليس. والله تعالى أعلم المراجع:-الفقه الاسلامي المقارن، مسألة حق الابتكار، د. محمد فتحي الدريني ص 266.-بيع الاسم التجاري، د. وهبة الزحيلي -المعاملات المالية المعاصرة، د. محمد الشبير ص67.-البيوع الشائعة وأثر ضوابط المبيع على شرعيتها، د. محمد توفيق رمضان البوطي ص 166.-ابن قدامة: المغني 6/184.,"حكم بيع اسم الشهرة، بمعنى بيع العلامة التجارية، هو جائز شرعاً إذا توافرت فيه شروط البيع، وأهمها أن يكون هناك ملكية حقيقية للعلامة التجارية، وأن يكون هناك اتفاق بين البائع والمشتري على السعر والشروط. ويشترط أيضاً أن لا يكون بيع العلامة التجارية مخالفاً لأحكام الشريعة، مثل بيع علامة تجارية تروج لمنتجات محرمة أو تروج لمنتجات تضر بالمسلمين.

ويجب على البائع أن يبين للمشتري كل ما يتعلق بالعلامة التجارية، مثل تاريخ التسجيل ومدى صلاحيتها وكل الحقوق والالتزامات المترتبة عليها. كما يجب على المشتري أن يتحقق من صحة المعلومات التي قدمها البائع ويتأكد من أن العلامة التجارية لا تتعارض مع أحكام الشريعة.

ويجب أن يكون بيع العلامة التجارية نافعة للمجتمع، وليس فقط نافعاً للبائع والمشتري، فالعلامة التجارية يجب أن تكون مفيدة للمستهلكين وتسهم في توفير منتجات أو خدمات جيدة. ويشترط أيضاً أن لا يكون بيع العلامة التجارية وسيلة للاستغلال أو الاحتيال على المستهلكين.

وفي النهاية، يجب على البائع والمشتري أن يلتزموا بالشروط والأحكام التي تم الاتفاق عليها، وأن يتعاملوا مع بعضهم البعض بالصدق والأمانة، وأن يلتزموا بأحكام الشريعة في جميع التعاملات.","[Document(metadata={'fatwa_id': 287641, 'topic': 'ما حكم دفع مبلغ من المال، مقابل علامة تجارية مشهورة؟', 'question': 'ما حكم دفع مبلغ من المال، مقابل علامة تجارية مشهورة، ككنتاكي مثلًا؟', 'source': 'islamweb.net', 'references': '[0]', 'categories': ""['فقه المعاملات', 'قضايا مالية معاصرة', 'الملكية الفكرية والحقوق المعنوية']"", 'main_category': 'فقه المعاملات', 'subcategory': 'قضايا مالية معاصرة', 'doc_id': '7aac8c21-9d7a-4b92-97f1-91d5d4ade6e9', 'ranking_score': 0.9998062252998352}, page_content='فالعلامة التجارية، أو الاسم التجاري، حق معنوي، له قيمة معتبرة، ولا حرج في بيعه، وفق ما قرره مجمع الفقه الإسلامي، المنعقد في'), Document(metadata={'fatwa_id': 392332, 'topic': 'شراء سلع تحمل علامات تجارية مزورة', 'question': 'عندي سؤال بخصوص شراء ملابس ماركة غير أصلية، أعجبني شكلها، وكان ودي أشتريها إلى أن دخلت الإنترنت، ووجدت فتاوى كثيرة عن هذا الموضوع، وأنا الآن خائف أن أقع في الإثم إذا كان هذا الأمر محرمًا. قطعة الملابس إذا كانت أصلية غالية جدًّا جدًّا، وهي قديمة، وليست موجودة في السوق، وعلى قطعة الملابس هذه شعار صغير جدًّا، رأيتها في موقع يبيعها بسعر رخيص، وأغلب الظن أنها ليست أصلية، فهل شراء هذه القطعة محرم؟ وهل يجوز أن أشتري هذه القطعة إذا كانت قديمة، ولا تباع حاليًّا، وشعارها صغير، وسعر القطعة الأصلية غالٍ جدًّا.واذا كانت حرامًا، فلدي قطع أخرى أغلب الظن أنها مقلدة، فهل أرميها، ولا أستعملها مرة أخرى؟', 'source': 'islamweb.net', 'references': '[131416]', 'categories': ""['فقه المعاملات', 'قضايا مالية معاصرة', 'الملكية الفكرية والحقوق المعنوية']"", 'main_category': 'فقه المعاملات', 'subcategory': 'قضايا مالية معاصرة', 'doc_id': 'c349312f-d62c-4bcc-b206-9793bd725670', 'ranking_score': 0.9997351765632629}, page_content='الإسلامي: الاسم التجاري، والعنوان التجاري، والعلامة التجارية. هي حقوق لأصحابها، أصبح لها في العرف المعاصر قيمة مالية معتبرة؛'), Document(metadata={'fatwa_id': 423010, 'topic': 'أحكام وأنواع أسماء النطاقات والشخصيات والعلامات التجارية عبر الوسائط الإلكترونية ', 'question': 'توجد طريقة للربح من الإنترنت، تتلخص في تجارة أسماء النطاقات (الدومينات) حيث أقوم بشراء (حجز الدومين؛ لأن الشركة هي من توفره وأنا أحجزه مقابل مبلغ معين سنويا).هذه الدومينات من الشركات التي تعرضها بأسعار مثلا 10 أو 15 دولارا، وهي على أصناف منها ما يكون لأسماء شخصيات مشهورة، أو كتاب لشخص معين. أو أقوم أنا بمتابعة آخر أخبار التكنولوجيا. فعندما أتأكد من أن هناك شركة ما ستطرح منتجا باسم معين، أو خدمة باسم ما، أذهب وأحجز الدومين. وعندما تحتاجه الشركة تأتي إلي وأبيعه لها بمبالغ تصل إلى مئات الآلاف من الدولارات. وتوجد طريقة أخرى وهي أن أحجز أسماء معينة ليست ملكا لأحد كاسم مدينة في إحدى دول العالم، أو اسم حيوان، أو أستنتج اسما استنادا على الأخبار التي أتابعها، والتي تكون غالبا لمشاريع في المستقبل (فأختار اسمه وأحجزه). فهل هذه الطريقة تجوز في الربح؟ وجزاكم الله خيرا.', 'source': 'islamweb.net', 'references': '[0]', 'categories': ""['فقه المعاملات', 'قضايا مالية معاصرة', 'الملكية الفكرية والحقوق المعنوية']"", 'main_category': 'فقه المعاملات', 'subcategory': 'قضايا مالية معاصرة', 'doc_id': 'caafee54-a4f5-4eef-9006-0830fce43ab0', 'ranking_score': 0.9997327923774719}, page_content='في الفقه الإسلامي) مطلبا في بيع وشراء الأسماء الشخصية، والعلامات التجارية والنطاقات (الدومينات). قال فيه: يجب التفريق بين'), Document(metadata={'fatwa_id': 174189, 'topic': 'هل عدم الإخبار بتركيبة الدواء يعتبر من كتمان العلم ', 'question': 'شركة أدوية قامت بأبحاث لاكتشاف علاج لمرض معين لا يوجد له علاج سابق من أي جهة أخرى، وأخيراً تم اكتشاف الدواء وتم تصنيعه وبيعه بالأسواق بسعر مناسب، فإذا سئلت الشركة عن تركيبة الدواء وكيفية صنعه، فهل كتمان هذه المعلومات يقع في باب كتمان العلم؟ أم من باب حق الملكية الفكرية؟.', 'source': 'islamweb.net', 'references': '[9797, 169509]', 'categories': ""['فقه المعاملات', 'قضايا مالية معاصرة', 'الملكية الفكرية والحقوق المعنوية']"", 'main_category': 'فقه المعاملات', 'subcategory': 'قضايا مالية معاصرة', 'doc_id': 'fbd52e98-dd7a-4ff5-a13e-01d9c117ad7d', 'ranking_score': 0.9994833469390869}, page_content='في حقوق الملكية الفكرية المصانة، جاء في قرار مجمع الفقه الإسلامي: الاسم التجاري، والعنوان التجاري والعلامة التجارية،'), Document(metadata={'fatwa_id': 93425, 'topic': 'مسائل حول البيع بالتقسيط', 'question': 'نقوم بتقسيط الأجهزة الكهربائية وبعض السلع المعمرة لمن يريد الشراء بالتقسيط، 1-فهل لو لم يسدد العميل قسط من الأقساط فى الموعد المتفق عليه هل تفرض عليه غرامة (فى حالة التعمد بغير عذر، وفى حالة العذر)، 2-سداد للمتبقي من المديونية قبل نهاية الأجل، مثال قيمة الجهاز 1000 جنيه يقسط على 18 شهراً يكون الإجمالى 1360 جنيها والفائدة الشهرية هى 2% ويكون القسط الشهرى 75.6 جنيها، لو قام العميل بسداد القسط الأول ثم الثانى ثم أراد بعد ذلك أن يسدد باقى المديونية فى الشهر الثالث مثلاً، فهل يحسب له ما سدده وهو قسطان فقط ويخصم قيمتهما من إجمالى المديونية وهي 1360 ج، ويسدد العميل الفرق أي 1360– 115.2= 1244.8 جنيه، أم يعاد حساب الربح على عدد الشهور التي قضاها فى عمر الدين، وما الفرق إن فعل ذلك لعذر أو لغير عذر، وماذا إن أراد أن يبيع السلعة المقسطة له نقداً لاستغلال قيمتها نقداً فى شيء آخر. بعلمنا أو بغير علمنا، الرجاء أن يتسع صدركم لهذا السؤال المتعدد الجوانب، وأن نجد عندكم الجواب الشافي لأسئلة لطالما أرقتنا ونخاف أن نغضب الله؟ جعلكم الله ممن ينيرون الطريق لعباده. وشكراً.', 'source': 'islamweb.net', 'references': '[1084, 92988, 19382, 57517, 67071, 46179]', 'categories': ""['فقه المعاملات', 'البيع', 'أركان البيع وشروطه']"", 'main_category': 'فقه المعاملات', 'subcategory': 'البيع', 'doc_id': '4b08add6-11fc-40e6-8105-73c5b35851e1', 'ranking_score': 0.9992542862892151}, page_content='مجمع الفقه الإسلامي: التزام البائع في عقد التورق بالوكالة في بيع السلعة لمشتر آخر أو ترتيب من يشتريها يجعلها شبيهة بالعينة')]","في الفقه الإسلامي) مطلبا في بيع وشراء الأسماء الشخصية، والعلامات التجارية والنطاقات (الدومينات). قال فيه: يجب التفريق بين
فالعلامة التجارية، أو الاسم التجاري، حق معنوي، له قيمة معتبرة، ولا حرج في بيعه، وفق ما قرره مجمع الفقه الإسلامي، المنعقد في
الإسلامي: الاسم التجاري، والعنوان التجاري، والعلامة التجارية. هي حقوق لأصحابها، أصبح لها في العرف المعاصر قيمة مالية معتبرة؛
مجمع الفقه الإسلامي: التزام البائع في عقد التورق بالوكالة في بيع السلعة لمشتر آخر أو ترتيب من يشتريها يجعلها شبيهة بالعينة
في حقوق الملكية الفكرية المصانة، جاء في قرار مجمع الفقه الإسلامي: الاسم التجاري، والعنوان التجاري والعلامة التجارية،","حكم بيع اسم الشهرة، بمعنى بيع العلامة التجارية، هو أنّه لا حرج فيه، ويمكن البيع وفق ما قرره مجمع الفقه الإسلامي. 

يجب التفريق بين العلامة التجارية، أو الاسم التجاري، حق معنوي، له قيمة معتبرة، ولا حرج في بيعه. 

هذه القيمة المعنوية، أصبحت في العرف المعاصر، قيمة مالية معتبرة، لذلك يمكن البيع وفق ما قرره مجمع الفقه الإسلامي. 

يجب أن يكون البائع، في عقد التورق بالوكالة، ملتزمًا ببيع السلعة لمشتر آخر، أو ترتيب من يشتريها، يجعلها شبيهة بالعينة في حقوق الملكية الفكرية المصانة. 

هذا القرار، يؤكد أن العلامة التجارية، والعنوان التجاري، والعلامة التجارية، هي حقوق لأصحابها، ويمكن البيع وفق ما قرره مجمع الفقه الإسلامي."
ما حكم رجوع المطلقة لزوجها بعد قبض شيء من المؤخر؟,السلام عليكم ورحمة الله وبركاته. بالإشارة إلى سؤالك المثبت نصه أعلاه، فإن رجوع المطلقة لطليقها مشروع ولو بعد قبض المؤخر أو جزء منه، وذلك بعقد ومهر جديدين وموافقة المرأة على العودة لهذا الرجل، شريطة أن لا تكون وقعت عليها ثلاث طلقات، فعند ذلك لا يحل لها الرجوع إلا بعد الزواج من رجل آخر على أن لا يكون الزواج بنية التحليل وأن يكون زواجا بعقد ودخول. والله يقول الحق وهو يهدي السبيل,"حكم رجوع المطلقة لزوجها بعد قبض شيء من المؤخر هو الجواز، بشرط أن يكون الرجوع قبل انقضاء عدة المطلقة، وأن يكون الزوج هو الذي طلقها، وأن تكون المطلقة قد قبلت الرجوع. ويشترط أيضا أن يكون الرجوع بنية صالحة، وليس بنية الخداع أو التلاعب.

ويجب أن يكون الرجوع قبل انقضاء عدة المطلقة، لأن العدة هي فترة زمنية محددة يجب على المطلقة أن تنتظرها قبل أن تتزوج من رجل آخر. وإن انقضت العدة، فلا يجوز للزوج أن يرجع زوجته، لأن الزواج قد انتهى.

ويجب أن يكون الزوج هو الذي طلقها، لأن الطلاق هو حق للزوج، وليس للمطلقة أن تطلب الطلاق. وإن طلقها زوجها، فله الحق في أن يرجعها، بشرط أن يكون قبل انقضاء عدة المطلقة.

ويجب أن تكون المطلقة قد قبلت الرجوع، لأن الرجوع يجب أن يكون بموافقة الطرفين. وإن لم توافق المطلقة على الرجوع، فلا يجوز للزوج أن يرجعها.

ويجب أن يكون الرجوع بنية صالحة، وليس بنية الخداع أو التلاعب. وإن كان الرجوع بنية سيئة، فلا يجوز، لأن ذلك يعد خيانة للزوجة.","[Document(metadata={'fatwa_id': 162287, 'topic': 'الفرق بين (علي الحرام) و(علي الطلاق)', 'question': 'رجل حلف على زوجته بالحرام أنه لا يأكل من الطعام الذي تصنعه بيديها ولم يعين زمنا، فهل تقع هذه اليمين أو لا؟ وهل هناك فرق بين قوله: علي الحرام، وقوله: علي الطلاق؟.', 'source': 'islamweb.net', 'references': '[30719, 192, 107238, 19162]', 'categories': ""['الأيمان والنذور', 'الأيمان', 'أحكام اليمين']"", 'main_category': 'الأيمان والنذور', 'subcategory': 'الأيمان', 'doc_id': 'f21aaa9e-792f-4e9c-96d3-deb49f14148c', 'ranking_score': 0.9997988343238831}, page_content='الذي قصده فقد حصل الحنث، وإذا حصل الحنث ينظر في نية الزوج بالتحريم، فإن قصد به طلاقا فهو نافذ وله مراجعة زوجته قبل تمام'), Document(metadata={'fatwa_id': 154665, 'topic': 'الطلاق يلحق الزوجة إن كانت في عصمة زوجها', 'question': 'تزوج زوجي بأخرى ثم طلقها بعد ثلاثة أشهر من الزواج لأسباب لا يعلمها إلا الله وأعطاها كافة حقوقها المالية والشرعية، وكانت الطلقة الأولى باللفظ عبر الهاتف المتحرك، ثم راجعها لفترة قصيرة وعاشرها واختلفوا مرة أخرى فطلقها على رسالة بالهاتف المتحرك، والآن قام بتطليقها للمرة الثالثة عند المأذون وقام المأذون بإعلامها رسمياً في مقر إقامتها، وسؤالي: الثلاث طلقات حدثت في غضون شهرين أي لم تمر على كل واحدة عدة، فهل تعتبر الثلاث طلقات نهائيات وتكون هذه الزوجة محرمة عليه ولا يمكنه مراجعتها إلا بعد أن تتزوج غيره؟ أم ماذا؟ أفيدوني.', 'source': 'islamweb.net', 'references': '[133218, 30719, 129665]', 'categories': ""['فقه الأسرة المسلمة', 'الفرقة بين الزوجين', 'الطلاق', 'أحكام أخرى']"", 'main_category': 'فقه الأسرة المسلمة', 'subcategory': 'الفرقة بين الزوجين', 'doc_id': 'e34411f5-ecfe-4b5a-90cb-a8db45173313', 'ranking_score': 0.9997472167015076}, page_content='والزوجة إنما يلحقها الطلاق إن كانت في العصمة وقت وقوعه لكون زوجها قد راجعها قبل تمام عدتها، أو لكونها أثناء العدة من الطلاق'), Document(metadata={'fatwa_id': 163085, 'topic': 'حكم الزواج الصوري للمرأة مع من طلقها ثلاثا لتمريضه وأخذ معاشه بعد وفاته', 'question': 'امرأة طلّقها زوجها ثمّ أرجعها بعد انتهاء العدّة، ثمّ طلّقها مرّة أخرى، ثمّ أرجعها، ثمّ طلّقها الثالثة، وبعد مضي مدّة على الطلاق الثالث مرض هذا الزوج، فاقترح عليها أن يرجعها إلى عصمته إداريا فقط أي في الأوراق الرسمية، وذلك لتقوم بتمريضه ولتتمكّن من الحصول على معاشه بعد وفاته بحكم أنّه ليس لها من ينفق عليها، وفعلا تمّ إنجاز عقد زواج رسمي بينهما، وهي تعيش معه منذ مدّة تقوم بتمريضه كأنّها امرأة غريبة عنه أي ليس بينه وبينها ما يكون بين الزوج وزوجته من المعاشرة، فهل يجوز لها الإبقاء على هذا الزواج الإداري ما دامت حريصة على معاملته كرجل غريب عنها؟ وإذا كان عليها إنهاء هذا العقد الإداري، فهل يجوز لها البقاء معه في البيت لتمريضه ما دام أولادهما البالغين يعيشون معهما في البيت، علما بأنّ هذه المرأة لا تملك مكانا آخر تعيش فيه فيما لو غادرت بيت هذا الزوج المفترض؟ وجزاكم الله خيرا.', 'source': 'islamweb.net', 'references': '[128948, 161547, 107986]', 'categories': ""['فقه الأسرة المسلمة', 'الفرقة بين الزوجين', 'الطلاق', 'الأحكام المترتبة عليه']"", 'main_category': 'فقه الأسرة المسلمة', 'subcategory': 'الفرقة بين الزوجين', 'doc_id': '6d4c3a7a-d507-405e-b4ac-3f02be89eab7', 'ranking_score': 0.9996470212936401}, page_content='فننبه أولا على أن ارتجاع الزوجة إنما يصح إذا كانت باقية في عدتها، أما إذا انقضت عدتها فقد انقطعت العصمة بين الزوجين ولا يصح'), Document(metadata={'fatwa_id': 110333, 'topic': 'قول الزوج أريد زوجتي بعد طلاقها', 'question': 'رجل طلق زوجته طلقة واحدة وأثبت الطلقة في المحكمة وحضر إلى بيت مطلقته بعد شهر تقريباً من طلاقه إياها وقال أريد زوجتي وكان لدى الزوجة شروط لم يوافق عليها وانفض المجلس وبعد انتهاء العدة ذهب ولي المرأة المطلقة إلى الرجل (طليقها) وسأله إن كان راجعها أو لا فأجاب طليقها بأن الموضوع انتهى بانتهاء العدة وكل شيء انتهى بشهادة الشهود الحاضرين ثم بعد ذلك قال أحد الحاضرين يا جماعة دعونا نصلح الموضوع فأجاب طليق المرأة أن الكلام لا ينفع الآن فالآن للإصلاح علينا أن نعمل عقداً جديدا ومهراً جديدا وبعد ثلاثة أسابيع من هذا المجلس أتى طليق المرأة لأحد أقارب الزوجة طالباً منه أن يتوسط له عند طليقته بحيث لا تطلب مهرا كثيرا ولا تتعسف في الشروط لكن بعد ذلك اختفى طليق المرأة ولم يعد ليسمع الجواب وبعد ذلك بثلاثة أسابيع أخر حضر طليق المرأة ويقول أنا راجعت زوجتي في مجلسي الأول عندكم عندما لم أوافق على الشروط لكن كنت أجهل كيفية الرجعة وحسبت أن الشروط ملزمة والآن أريد زوجتي أن تعود لبيتها. فما الحكم؟ هل ما زالت زوجته حقيقة أم لا؟ مع العلم أن المرأة لا ترغب به لاسيما بهذه الطريقة التي قد تؤدي إلى سفاح. وهو رافض أن يعقد من جديد .', 'source': 'islamweb.net', 'references': '[30719, 96423]', 'categories': ""['فقه الأسرة المسلمة', 'الفرقة بين الزوجين', 'الطلاق', 'الرجعة']"", 'main_category': 'فقه الأسرة المسلمة', 'subcategory': 'الفرقة بين الزوجين', 'doc_id': '171bc921-85ae-4a32-9274-9fceeef0a1e4', 'ranking_score': 0.9995937943458557}, page_content='ذلك كون الزوجة تشترط عليه شروطا بل يجوز للزوج رجعتها ولو من غير رضاها، وقوله إن الموضوع انتهى بانتهاء العدة أو قوله لا بد من'), Document(metadata={'fatwa_id': 165675, 'topic': 'ما تحصل به الرجعة ', 'question': 'طلقني زوجي طلاقا رجعيا وأثناء العدة حدث اتصال كامل بيننا، وبعدها سألته ماهي نيتك في ذلك أجاب نكحت زوجتي. وقال أرجعتك بعد ماذا تريدين، وكان يضحك. وبعد انتهاء العدة سافرت وهو يعلم أن ذلك لم يكن إرجاعا لي. هل أنا الآن زوجته، علما أنه يريدني من أول يوم بعد الطلاق وألح علي أن أرجع ورفضت لأجل إصلاحه لعل الله يصلحه وأعود إليه؟ وجزاكم الله خيرا', 'source': 'islamweb.net', 'references': '[54195, 106067]', 'categories': ""['فقه الأسرة المسلمة', 'الفرقة بين الزوجين', 'الطلاق', 'الرجعة']"", 'main_category': 'فقه الأسرة المسلمة', 'subcategory': 'الفرقة بين الزوجين', 'doc_id': '698ed449-e7ec-498c-84f0-94c74f2db40f', 'ranking_score': 0.9995645880699158}, page_content='لم يكن رجعة؟ فالرجعة تحصل بقول الزوج أو بجماعه لزوجته قبل انقضاء عدتها ولو بدون نية إرجاعها على ما به الفتوى عندنا، وللفائدة')]","ذلك كون الزوجة تشترط عليه شروطا بل يجوز للزوج رجعتها ولو من غير رضاها، وقوله إن الموضوع انتهى بانتهاء العدة أو قوله لا بد من
الذي قصده فقد حصل الحنث، وإذا حصل الحنث ينظر في نية الزوج بالتحريم، فإن قصد به طلاقا فهو نافذ وله مراجعة زوجته قبل تمام
لم يكن رجعة؟ فالرجعة تحصل بقول الزوج أو بجماعه لزوجته قبل انقضاء عدتها ولو بدون نية إرجاعها على ما به الفتوى عندنا، وللفائدة
فننبه أولا على أن ارتجاع الزوجة إنما يصح إذا كانت باقية في عدتها، أما إذا انقضت عدتها فقد انقطعت العصمة بين الزوجين ولا يصح
والزوجة إنما يلحقها الطلاق إن كانت في العصمة وقت وقوعه لكون زوجها قد راجعها قبل تمام عدتها، أو لكونها أثناء العدة من الطلاق",حكم رجوع المطلقة لزوجها بعد قبض شيء من المؤخر هو أن رجعتها تحصل بقول الزوج أو بجماعه لزوجته قبل انقضاء عدتها، ولو بدون نية إرجاعها. وينبغي أن يلاحظ أن ارتجاع الزوجة إنما يصح إذا كانت باقية في عدتها، أما إذا انقضت عدتها فقد انقطعت العصمة بين الزوجين ولا يصح.
التوبة من المعاصي والندم عل ارتكابها,قبل الاجابة على سؤالك نرى أنه من الاهمية بمكان أن نوضح مسألة تطرقت إليها في سؤالك؛ ألا وهي الوسواس وإنه ثمة فرق كبير بين خشية الله وتقواه وبين الوسواس فالتقوى محمودة والوسواس مذموم. مراجعة الذات واستحضار الذنوب والندم عل فعلها واستمرار الاستغفار منها والبعد عنها والعزم على عدم العودة إليها هو كل ما يلزم المسلم المذنب الذي يريد التوبة إل الله والعودة إلى صراطه المستقيم، ولا حاجة للتفكير بالانتحار والخلاص من الحياة بسبب ذنب مهما كان صغيرا أو كبيرا فهذا ما لا يريده الله ولا دعا إليه، بل إنه سبحانه دعا من أسرف وبالغ في الذنوب وتجاوز الحدود في اقتراف الذنوب صغيرها وكبيرها فناداه ربه بخطاب يفيض رحمة ولطفا( قُلْ يَٰعِبَادِىَ ٱلَّذِينَ أَسْرَفُواْ عَلَىٰٓ أَنفُسِهِمْ لَا تَقْنَطُواْ مِن رَّحْمَةِ ٱللَّهِۚ إِنَّ ٱللَّهَ يَغْفِرُ ٱلذُّنُوبَ جَمِيعًاۚ إِنَّهُۥ هُوَ ٱلْغَفُورُ ٱلرَّحِيمُ) فهل بقي بعد هذا القول قول؟ أبواب رحمة الله مفتوحة فادخليها ودعي عنك وساوس الشيطان وهمزاته وأكثري من الدعاء بالتوفيق والخير والقبول والثبات عل صراط الله المستقيم والله يحفظك ويوفقك لكل خير.,"التوبة من المعاصي هي الرجوع عنها وتركها، والندم على ارتكابها هو الإعراب عن الأسف والخجل من فعلها. التوبة هي تغيير في السلوك والنية، حيث يترك الفرد المعصية ويقرر عدم العودة إليها مرة أخرى. والندم هو شعور بالخجل والأسف على ما حدث، ويمكن أن يكون دافعاً قوياً للتوبة.

التوبة من المعاصي هي أمر ضروري لتحقيق الغفران والرحمة من الله. عندما يتوب الفرد من معصية، يجب أن يكون نادماً حقاً على ما فعله، ويتعهد بعدم العودة إليها مرة أخرى. يجب أن يكون التوبة خالصة من أي غرض أو نية أخرى، وأن تكون نابعة من رغبة حقيقية في تغيير السلوك.

الندم على ارتكاب المعاصي هو جزء أساسي من التوبة. يجب أن يشعر الفرد بالخجل والأسف على ما فعله، وأن يكون مستعداً لتقبل العواقب. الندم يجب أن يكون صادقاً وعميقاً، وليس مجرد شعور سطحياً أو مؤقتاً.

التوبة من المعاصي ليست أمراً سهلاً، بل يتطلب الجهد والالتزام. يجب أن يكون الفرد مستعداً لتحمل التبعات ووضع خطة لمنع العودة إلى المعصية مرة أخرى. التوبة هي عملية مستمرة، وليست حدثاً واحداً. يجب أن يكون الفرد مستعداً للتعلم من الأخطاء ووضع خطط لمنع تكرارها.

في النهاية، التوبة من المعاصي والندم على ارتكابها هي طريقتان لتحقيق الغفران والرحمة من الله. يجب أن يكون الفرد صادقاً في توبته، ويتعهد بعدم العودة إلى المعصية مرة أخرى. بالتوبة والندم، يمكن للفرد أن يبدأ حياة جديدة، خالية من المعاصي، ويتقرب إلى الله.","[Document(metadata={'fatwa_id': 386923, 'topic': 'توبة المرأة التي وقعت في مقدمات الزنى ', 'question': 'امرأة عملت كل مقدمات الزنى من تقبيل، ولمس من فوق الملابس دون خلعها مع شخص ملحد، وهي الآن نادمة أشد الندم، فكيف تكون التوبة؟ وهل عليها حد؟', 'source': 'islamweb.net', 'references': '[0]', 'categories': ""['الآداب والأخلاق والرقائق', 'الرقائق']"", 'main_category': 'الآداب والأخلاق والرقائق', 'subcategory': 'الرقائق', 'doc_id': 'd63d249c-e563-4896-b3cc-63e438ebb4cf', 'ranking_score': 0.9998308420181274}, page_content='والتوبة تكون بالإقلاع عن الذنب، والندم على فعله، والعزم على عدم العود إليه. ومن صدق التوبة أن يجتنب العبد أسباب المعصية،'), Document(metadata={'fatwa_id': 429097, 'topic': 'هل يعاقب الشخص بسبب الذنوب التي تاب منها؟', 'question': 'كنت مرتبطا بفتاة لمدة عامين، وكنا ننوي أن نتزوج بعد إنهاء دراستنا. تلك الفتاة أخلاقها حميدة، وأهلها محترمون، وهي أهل لأن تكون زوجة صالحة، لكني للأسف كنت أرتكب بعض الذنوب والمعاصي من الكبائر التي لا ترضي الله، لكن دون معرفة البنت بها. فعاقبني الله بأنها قررت تركي، بسبب مشاكل أخرى حدثت بيننا دون علمها بالذنوب التي أرتكبها سرا، ولكن بعد ذلك تبت إلى الله، وندمت على ما فعلت، وظللت أدعو الله أن يرجعها لي مرة أخرى، وبالفعل رجعنا وقررنا أن نتم الخطوبة. وصلينا استخارة، ووفقنا الله وتمت الخطوبة. ولكن بعد سنة من الخطوبة، للأسف، وبسبب ضعف نفسي، رجعت إلى تلك المعاصي مرة أخرى، وأنا نادم، وكلي ندم على العودة. وعاقبني الله مرة أخرى بأن خطيبتي قررت فسخ الخطوبة، ولا تريد أن تكمل إطلاقا. وقد حاولت معها كثيرا، مع العلم أن تلك المشاكل قد تبدو في مظهرها بسيطة، ولا علم لأحد بالذنوب التي ارتكبتها، إلا الله. ولكن كأن الله أزال حبي من قلبها بسبب تعلقي بالمعاصي. هذه المشكلة منذ شهر تقريبا، ومن وقتها وأنا أحاول أن أتوب إلى الله توبة نصوحا هذه المرة، وأتقرب إليه، وأصلي وأصوم، وأقوم الليل وأتصدق. وقد أدركت خطئي فعلا، وأنوي ألا أعود لتلك الذنوب مرة أخرى أبدا، وأن أقرأ القرآن حتى يهتدي قلبي. وأحاول أن أقرأ دروس علم دينية، وأغير من نفسي للأصلح. هل من الممكن أن يتقبل مني ربي دعائي بأن يرد خطيبتي لي مرة أخرى، ويؤلف بين قلبينا، ونتم زواجنا، ويعصمني بها من الوقوع في المعصية والفاحشة إن تبت إلى الله بقلب خاشع وصادق، أم قد يكون هذا عقابا من الله بسبب رجوعي للذنب مرة أخرى وانتكاستي؟', 'source': 'islamweb.net', 'references': '[0]', 'categories': ""['الآداب والأخلاق والرقائق', 'الرقائق']"", 'main_category': 'الآداب والأخلاق والرقائق', 'subcategory': 'الرقائق', 'doc_id': '65170823-c5a9-46d9-9492-c7eefa4c5c44', 'ranking_score': 0.9997639060020447}, page_content='فالتوبة تكون بالإقلاع عن الذنب، والندم على فعله، والعزم على عدم العود إليه، ومهما تكرر الذنب وتكررت التوبة فهي مقبولة -بإذن'), Document(metadata={'fatwa_id': 20811, 'topic': 'التوبة واجبة على العبد من كل ذنب', 'question': 'أنا شاب ملتزم في بداية أمري ثم ما إن لبثت حتى عدت إلى اقتراف الذنوب والمعاصي والذي يقلقني هو أني قد استعملت بعض الأمور الغيرمباحة مثل الغش في الامتحانات وتزوير الشهادات وغيرها وليس هذا فحسب بل صرت أقترف المعاصي تلو الأخرى. ونفسي تقلقني فهل من نصيحة وبارك الله فيكم وهل التوبة. تنفع في حالة الوقوع في الأمور التي نعرفها ولكن النفس أمارة بالسوء إلا ما رحم ربي .', 'source': 'islamweb.net', 'references': '[0]', 'categories': ""['الآداب والأخلاق والرقائق', 'الرقائق']"", 'main_category': 'الآداب والأخلاق والرقائق', 'subcategory': 'الرقائق', 'doc_id': '9346d562-14df-44f4-b574-156061217d36', 'ranking_score': 0.9997280240058899}, page_content='وشروط التوبة باختصار: هي الندم على ما فات، والنية ألا يعود إلى الذنب فيما بقي من عمره، وأن يقلع عن الذنب حالاً إن كان'), Document(metadata={'fatwa_id': 194569, 'topic': 'قول المرأة لأجنبي: (وهبت لك نفسي) منكر باطل لا يحل ما حرم الله', 'question': 'امرأة وهبت نفسها لي، وقالت بالنص:( أهبك نفسي، افعل بها ما تشاء) هل يجوز أن يتصرف بجسدها كأنها زوجة له؟ تكملة للموضوع: وقد حدث بينهما لقاء، وحدث تلامس جسدي كأحضان، وقبل، ولحس، ولعق، ولم يحدث إيلاج للعضو الذكري بالمهبل. أرجو إفادتي إذا كان هناك كفارة لما حدث أو غير ذلك؟', 'source': 'islamweb.net', 'references': '[36423]', 'categories': ""['فقه الأسرة المسلمة', 'النكاح', 'عقد النكاح', 'الأنكحة المحرمة']"", 'main_category': 'فقه الأسرة المسلمة', 'subcategory': 'النكاح', 'doc_id': '5f4be84e-1c43-460a-8d6a-fc2d6e4f685f', 'ranking_score': 0.9997156262397766}, page_content='الشنيعة؟ وأما كفارة ذلك فهي التوبة الصادقة، والتوبة تكون بالإقلاع عن الذنب، والندم على فعله، والعزم على عدم العود إليه، مع'), Document(metadata={'fatwa_id': 457729, 'topic': 'حكم زواج المرأة برجل وقعت معه في الزنا المجازي', 'question': 'امرأة بعد زواجها تعرفت على شاب، وجاء إلى بيتها عدة مرات في غياب زوجها، ووقع معها في الزنا المجازي، وهي لم تكن تعلم أن هذا يعتبر زنا مجازيا، كانت تعتقد أن هذا زنا فعلا. وكانت بعد هذا الأمر خائفة جدا من معاشرة زوجها، وكانت تشعر أنها بذلك قد خانته ولا بد أن تستبرئ رحمها، وأن معاشرتها لزوجها تعتبر حراما. بعد حوالي أسبوع من وقوعها في الزنا المجازي من الشخص الأجنبي هذا، طلبها زوجها للمعاشرة الزوجية، وكانت هي مشتاقة لزوجها جدا ووافقت على معاشرته، وجاء في بالها أنها لو عاشرت زوجها كأنها وقعت في الزنا، لكنها كانت موافقة في بالها، وكانت تقول لنفسها حتى لو زنا، فأنا موافقة. وفعلا عاشرت زوجها وهي تشعر أن ذلك زنا. المهم كانت عند معاشرتها لزوجها -يا شيخ- تشعر أنها تزني معه، وأنها موافقة على ذلك. وفهمت أنها قد تأثم بإقدامها على فعل ما تظنه حراما وإن كان مباحا في نفس الأمر، ويجب عليها أن تستغفر من هذا الأمر أيضا. للقاعدة الشرعية: الأمور بمقاصدها.هل تعتبر زانية يقام عليها حد الزنا؟توفي زوجها الآن، وقد تعرف عليها زميل لها يحبها وتحبه جدا، يريد أن يتزوجها. وهي الآن تقع معه في الزنا المجازي من قبلات وأحضان ولمس، وكلام واتس وهاتف.هل لا يصح زواجها من زميلها إلا بعد أن تتوب من الزنا؟هي قالت لزميلها إنها لم تقع في الزنا أبدا.', 'source': 'islamweb.net', 'references': '[0]', 'categories': ""['فقه الأسرة المسلمة', 'النكاح', 'المحرمات من النساء', 'نكاح الزانية']"", 'main_category': 'فقه الأسرة المسلمة', 'subcategory': 'النكاح', 'doc_id': 'f66f90bf-1202-4c24-b3e9-efdfbb69066c', 'ranking_score': 0.9996144771575928}, page_content='والقبلات؟ والتوبة تكون بالإقلاع عن الذنب، والندم على فعله، والعزم على عدم العود إليه. ومن صدق التوبة أن يجتنب العبد أسباب')]","والتوبة تكون بالإقلاع عن الذنب، والندم على فعله، والعزم على عدم العود إليه. ومن صدق التوبة أن يجتنب العبد أسباب المعصية،
والقبلات؟ والتوبة تكون بالإقلاع عن الذنب، والندم على فعله، والعزم على عدم العود إليه. ومن صدق التوبة أن يجتنب العبد أسباب
الشنيعة؟ وأما كفارة ذلك فهي التوبة الصادقة، والتوبة تكون بالإقلاع عن الذنب، والندم على فعله، والعزم على عدم العود إليه، مع
وشروط التوبة باختصار: هي الندم على ما فات، والنية ألا يعود إلى الذنب فيما بقي من عمره، وأن يقلع عن الذنب حالاً إن كان
فالتوبة تكون بالإقلاع عن الذنب، والندم على فعله، والعزم على عدم العود إليه، ومهما تكرر الذنب وتكررت التوبة فهي مقبولة -بإذن",الإجابة الصحيحة هي: إن التوبة من المعاصي والندم على ارتكابها هي من شروط الصدق والصدق في التوبة، وإنها تكون بالإقلاع عن الذنب والندم على فعله والعزم على عدم العود إليه، وإن من صدق التوبة أن يجتنب العبد أسباب المعصية والقبلات، وإن التوبة الصادقة هي التوبة التي تكون بالإقلاع عن الذنب والندم على فعله والعزم على عدم العود إليه، وإنها تكون مع شروط التوبة وهي الندم على ما فات والنية ألا يعود إلى الذنب فيما بقي من عمره وأن يقلع عن الذنب حالاً إن كان، وإن التوبة تكون مقبولة مهما تكرر الذنب وتكررت التوبة.
حكم الترويج لمنتجات لشركة مقابل عمولة مع شرط مسبق على المروّج بدفع مبلغ مالي,هذا حرام، ولا يجوز، وفيه ربا على المال المُعطى. وفيه غررٌ محرم. والترويج ستار لإخفاء ذلك، وليس هو مقصودًا ولا مُرادًا، وإنما المقصود أموال الناس وأخذها بهذه الطريقة، وإعطاؤهم جزءًا منها، بإيهامهم أنها عوائد على مهامٍّ. ولو كان المقصود الترويج مقابل عائد مالي، لم يكن هناك شرط على المروّج بدفع مبلغ مسبقًا. وفي لحظة معينة يتوقف هذا العمل فجأة، وتخسر الطبقة الأخيرة من الناس، بالاحتيال والنصب.,حكم الترويج لمنتجات لشركة مقابل عمولة مع شرط مسبق على المروّج بدفع مبلغ مالي هو جائز شرعاً إذا توفرت شروط معينة. أولاً، يجب أن يكون المنتج الذي يتم الترويج له مشروعاً وملائماً للشرع، ولا يتعارض مع أحكام الله ورسوله. ثانياً، يجب أن يكون المبلغ المالي الذي يدفعه المروّج مقابل الحصول على العمولة معقولاً وملائماً للخدمة المقدمة، ولا يتعارض مع مبادئ العدالة والمساواة. ثالثاً، يجب أن يكون هناك شفافية ووضوح في العقد بين الشركة والمروّج، بحيث يكون كلا الطرفين على دراية تامة بالشروط والأحكام المتبعة. رابعاً، يجب أن لا يكون هناك أي شبهة أو غش في الترويج للمنتج، وأن يكون المروّج صادقاً ومستقимаً في تعامله مع العملاء. إذا توفرت هذه الشروط، فإنه يجوز للمروّج أن يروّج للمنتج مقابل العمولة، ويكون ذلك جائزاً شرعاً.,"[Document(metadata={'fatwa_id': 434620, 'topic': 'حكم تسويق السلع بنسبة من الربح', 'question': 'أعمل مع موقع لتسويق المنتجات، ولكن فكرة الموقع للربح منه للمسوقين هي: وضع هامش ربح لهم، ولا يعطي نسبة، يتم الاتفاق عليها. هل هذا حرام أم حلال؟', 'source': 'islamweb.net', 'references': '[335302]', 'categories': ""['فقه المعاملات', 'الجعالة', 'أحكام الجعالة']"", 'main_category': 'فقه المعاملات', 'subcategory': 'الجعالة', 'doc_id': 'a32afba9-e297-4dfd-83fe-4c1909881ce4', 'ranking_score': 0.998958945274353}, page_content='فإن العمل في تسويق السلع المباحة لا حرج فيه من حيث الأصل، ويشترط في أجرة التسويق أن تكون محددة بمبلغ معين، معلوم، عند جمهور'), Document(metadata={'fatwa_id': 232135, 'topic': 'منح شركة الاتصالات أرصدة مجانية وجوال للمشتركين ببرنامج إعلانات', 'question': 'شركة الاتصالات في الأردن طرحت برنامجا للجوالات اسمه موبي آد، ومهمة البرنامج هي إعلانات على الهاتف المحمول، وشركة الاتصالات تمنح بعض الأرصدة المجانية للمشتركين في هذا البرنامج، والاشتراك في البرنامج مجاني بدون أي مقابل، وقد اتصلوا بي وقالوا قد ربحت معنا موبايل نوع جالاكسي s4 وأيضا بدون. فهل هذه المنحة حلال أم حرام؟ وإذا كانت حراما، فهل منحة الرصيد أيضا حرام، وإذا كانت المنحة ـ أي الجوال حراما ـ وقد استلمته، فماذا تنصحني أن أفعل به؟.وجزاكم الله عنا كل خير.', 'source': 'islamweb.net', 'references': '[0]', 'categories': ""['فقه المعاملات', 'الهبة', 'أحكام الهبة']"", 'main_category': 'فقه المعاملات', 'subcategory': 'الهبة', 'doc_id': 'b8675329-3490-4eeb-b962-744539697f8a', 'ranking_score': 0.9985804557800293}, page_content='بذلا وأخذا، والأصل في الإعلان والترويج ولو بأجرة الجواز، بشرط مراعاة الضوابط الشرعية للإعلانات، كما قررناه في الفتاوى'), Document(metadata={'fatwa_id': 278773, 'topic': 'الاشتراك في نظام ما والتكسب منه  ينبني حكمه على معرفة كيفيته وشروطه', 'question': 'لدي حساب في أحد مواقع الإنترنت؛ حيث يسمح بنظام التسويق بالعمولة، بمعنى عندما نبيع سلعة أو الدعاية لها عليها نأخذ نسبه من الربح،.(مثل فتوى رقم: 180243) بطريقة تتبع الكوكي.السؤال: هل يجوز عند شرائي سلعة خاصة بي إدراجها ضمن المبيعات للحصول على نسبة العمولة؟.فما الحكم الشرعي؟ أفيدونا.', 'source': 'islamweb.net', 'references': '[180243]', 'categories': ""['فقه المعاملات', 'قضايا مالية معاصرة', 'قضايا أخرى']"", 'main_category': 'فقه المعاملات', 'subcategory': 'قضايا مالية معاصرة', 'doc_id': 'b9715f77-6c8b-4563-af9d-5aab463e66f9', 'ranking_score': 0.9971460700035095}, page_content='على شروط النظام التسويقي، وما يؤذن فيه للمشترك من ذلك وما لا يؤذن فيه له، هذا مع التنبيه على ترتب هذه الجزئية أيضاعلى حكم'), Document(metadata={'fatwa_id': 406129, 'topic': 'المرابحة في المنافع', 'question': 'ما الحكم الشرعي في شراء خدمات شركة ما، ومن ثم بيعها لشخص آخر مرابحة. كشراء باقة إعلانات تسويقية من شركة متخصصة في الإعلانات التسويقية عبر النت، ومن ثم بيع هذه الباقة لطرف آخر مرابحة، وبثمن أعلى؟ مأجورين.', 'source': 'islamweb.net', 'references': '[0]', 'categories': ""['فقه المعاملات', 'الإجارة', 'أحكام الإجارة']"", 'main_category': 'فقه المعاملات', 'subcategory': 'الإجارة', 'doc_id': '21d4e08d-4223-48fd-9021-4a4ca7edcf07', 'ranking_score': 0.996218740940094}, page_content='أو عدداً محدداً من الإعلانات. ويجوز لمن اشترى هذه الخدمة، أن يبيعها بربح معلوم لمن ينتفع بها انتفاعاً مباحاً. وفي قرار'), Document(metadata={'fatwa_id': 388234, 'topic': 'ضوابط عمل الفيديوهات الدعائية والتربح منها', 'question': 'كنت قد أنشأت فيديو لموقع we-broker، هذا الموقع (الهدف الظاهري منه هو عرض إعلانات الشركات، ويضمن لهم المشاهد) بحيث يكون المعلن والمشاهد مستفيدان، المعلن مستفيد لأن هناك من يشاهد منتجاته، أو ما يريد الإعلان عنه. والمشاهد مستفيد لأنه عندما يشاهد الإعلان (يحصل على نقطة (نكلة أو كوين) وكلما شاهد أكثر، كلما زاد عدد النقاط لديه، ويمكن تحويل النقاط أو الكوينز إلى أموال. وإذا دعا أصدقاءه ليسجلوا على الموقع، يحصل على نقاط إضافية، نتيجة إضافته لأصدقائه، وهذا يشبه المسوقين الذين يروجون لمنتج ويحصلون عن نسبة من الربح). هذا باختصار ما يفعله الموقع www.we-broker.comالسؤال هنا: لقد قمت بإنشاء فيديو دعائي لهذا الموقع، وقد استلمت المال الخاص به. ومن المفترض أن هناك فيديوهات أخرى، سأقوم بالعمل عليها لهذا الموقع.إذا كان ذلك حراما. ماذا أفعل في هذه الأموال؟ وماذا بالنسبة للفيديوهات الأخرى المطلوبة؟', 'source': 'islamweb.net', 'references': '[358954]', 'categories': ""['فقه المعاملات', 'قضايا مالية معاصرة', 'الوظائف والأعمال المحرمة والمباحة']"", 'main_category': 'فقه المعاملات', 'subcategory': 'قضايا مالية معاصرة', 'doc_id': '9b18728c-a070-447e-9696-f3d822bbecb8', 'ranking_score': 0.832180380821228}, page_content='فقد سبقت لنا فتاوى عدة حول ضوابط الإعلانات والتربح، وبيّنّا أن جواز ذلك مشروط بأن تكون الإعلانات مباحة -بألا تشتمل على محرم،')]","بذلا وأخذا، والأصل في الإعلان والترويج ولو بأجرة الجواز، بشرط مراعاة الضوابط الشرعية للإعلانات، كما قررناه في الفتاوى
أو عدداً محدداً من الإعلانات. ويجوز لمن اشترى هذه الخدمة، أن يبيعها بربح معلوم لمن ينتفع بها انتفاعاً مباحاً. وفي قرار
على شروط النظام التسويقي، وما يؤذن فيه للمشترك من ذلك وما لا يؤذن فيه له، هذا مع التنبيه على ترتب هذه الجزئية أيضاعلى حكم
فإن العمل في تسويق السلع المباحة لا حرج فيه من حيث الأصل، ويشترط في أجرة التسويق أن تكون محددة بمبلغ معين، معلوم، عند جمهور
فقد سبقت لنا فتاوى عدة حول ضوابط الإعلانات والتربح، وبيّنّا أن جواز ذلك مشروط بأن تكون الإعلانات مباحة -بألا تشتمل على محرم،",لا يجوز الترويج لمنتجات لشركة مقابل عمولة مع شرط مسبق على المروّج بدفع مبلغ مالي، لأن هذا يشبه البيع والشراء، وينتج عن ذلك ظهور العلاقة بين المروّج والشركة على شكل ملكية، مما يتعارض مع الأصل في الإعلان والترويج، والذي يعتبر من الأعمال المشروعة، بشرط مراعاة الضوابط الشرعية.
هل يوجد وقت خاص لقراءة سورة البقرة ؟,"وبعد؛ فإنه يستحب الإكثار من قراءة القرآن الكريم عمومًا في الليل وفي النهار، وقد وردت أحاديث كثيرة تدل على فضل قراءة سورة البقرة ومنها: حديث: اقرءوا سورة البقرة فإن أخذها بركة، وتركها حسرة، ولا تستطيعها البطلة. رواه مسلم. وحديث:""إن الشيطان ينفر من البيت الذي تقرأ فيه سورة البقرة"". رواه مسلم، وحديث: أن الله عز وجل كتب كتاباً قبل أن يخلق السماوات والأرض بألفي عام أنزل منه آيتين ختم بهما سورة البقرة لا يقرآن في دار ثلاث ليال فيقر بها شيطان. رواه الترمذي والحاكم، والطبراني، وقال الهيثمي رجاله ثقات وصححه الألباني، وليس ثمة وقت خاص بقراءة سورة البقرة، فمن أراد أن يقرأها فليقرأها في أي وقت شاء، إلا أن قراءة القرآن في الثلث الأخير من الليل تفضل غيرها من الأوقات، سواء أكان ذلك بقراءة سورة البقرة أم غيرها من السور، لكونها أبعد عن الرياء وأدعى للخشوع، لقوله تعالى: مِنْ أَهْلِ الْكِتَابِ أُمَّةٌ قَائِمَةٌ يَتْلُونَ آيَاتِ اللَّهِ آنَاءَ اللَّيْلِ وَهُمْ يَسْجُدُونَ (آل عمران:113). وقوله: نعم الرجل عبد الله لو كان يصلي من الليل. رواه البخاري، يقول النووي: وإنما رجحت صلاة الليل وقراءته لكونها أجمع للقلب، وأبعد عن الشواغل والملهيات والتصرف في الحاجات، وأصونه عن الرياء وغيره من المحبطات، مع ما جاء الشرع به من إيجاد الخيرات في الليل، والله تعالى أعلم.",بالتأكيد، يُستحب قراءة سورة البقرة في أي وقت، ولكن يُفضل قراءتها في الليل، خاصة في نصف الليل الثاني، حيث يُعتبر هذا الوقت أكثر فائدة للاستفادة من بركات القرآن الكريم. كما يُستحب قراءتها في صلاة الفجر، حيث يُعتبر هذا الوقت أكثر قداسة وبركة. ويمكن قراءتها أيضاً في أي وقت آخر من اليوم، حسب الرغبة والاستطاعة. وينبغي على القارئ أن يحرص على قراءتها بتمعن وخشوع، وأن يفهم معاني الآيات ويطبقها في حياته.,"[Document(metadata={'fatwa_id': 318913, 'topic': 'أفضل وقت لقراءة سورة البقرة والقرآن عموما', 'question': 'ما أفضل وقت لقراءة سورة البقرة؛ هل المغرب أم عند قيام الليل؟ وأيضًا هل قراءة القرآن الكريم أفضل بعد أي صلاة (مثلًا صلاة العصر أو الظهر) أم منتصف الليل؟ وما حكم قراءة سورتين في اليوم؟', 'source': 'islamweb.net', 'references': '[146899]', 'categories': ""['القرآن الكريم', 'مقدمات في القرآن', 'فضل وآداب تلاوة القرآن وتعلمه']"", 'main_category': 'القرآن الكريم', 'subcategory': 'مقدمات في القرآن', 'doc_id': '972164f2-ce72-4ebc-8529-8a98674ad7d5', 'ranking_score': 0.9989866614341736}, page_content='فيستحب الإكثار من قراءة القرآن عمومًا في الليل وفي النهار، وليس ثمة وقت خاص بقراءة سورة البقرة، فمن أراد أن يقرأها فليقرأها'), Document(metadata={'fatwa_id': 80349, 'topic': 'حكم قراءة سورتي الملك والواقعة ليلا ونهارا', 'question': 'هل يجوز قراءة سورة الواقعة وسورة الملك في أي وقت من النهار أو يجب قراءتها في الليل .', 'source': 'islamweb.net', 'references': '[5692, 19263, 52876]', 'categories': ""['القرآن الكريم', 'مقدمات في القرآن', 'فضل وآداب تلاوة القرآن وتعلمه']"", 'main_category': 'القرآن الكريم', 'subcategory': 'مقدمات في القرآن', 'doc_id': 'a87326a9-d59c-465f-97a3-f030bf17a561', 'ranking_score': 0.9963799118995667}, page_content='فالأصل أنه لا حرج في قراءة هاتين السورتين أو غيرهما من القرآن في أي وقت من ليل أو نهار، ولا يختص وقت بذلك دون آخر إلا بدليل،'), Document(metadata={'fatwa_id': 94277, 'topic': 'هل من يقرأ القرآن قبل الفجر من قيام الليل', 'question': 'جزاكم رب العباد على كل ما تسدونه لكل السائلين. وبعد: أحاول الاستيقاظ من النوم قبل الفجر بفترة لأحفظ جزءاً من القرآن قبل الأذان، فهل يعد هذا الأمر من قيام الليل؟', 'source': 'islamweb.net', 'references': '[0]', 'categories': ""['القرآن الكريم', 'مقدمات في القرآن', 'فضل وآداب تلاوة القرآن وتعلمه']"", 'main_category': 'القرآن الكريم', 'subcategory': 'مقدمات في القرآن', 'doc_id': 'f8e1fd4b-3ea2-4d47-a296-5763afbd82fb', 'ranking_score': 0.9960969090461731}, page_content='فإن مجرد القراءة لا يعتبر من قيام الليل الذي هو الصلاة ذات الركوع والسجود، لكن قراءة القرآن في هذا الوقت لها فضل خاص إضافة'), Document(metadata={'fatwa_id': 42590, 'topic': 'حكم قراءة سورة معينة في قيام الليل كل ليلة', 'question': 'ما هي السور أو الآيات التي تستحب قراءتها كل ليلة أو في أوقات معينة؟ وهل تجوز قراءتها في صلاة قيام كل ليلة؟', 'source': 'islamweb.net', 'references': '[38426, 23112, 13140, 18178]', 'categories': ""['القرآن الكريم', 'فن قراءة القرآن الكريم', 'بدع القراءة']"", 'main_category': 'القرآن الكريم', 'subcategory': 'فن قراءة القرآن الكريم', 'doc_id': '364f1a73-9a80-40b8-aa1e-db50b164818d', 'ranking_score': 0.9941545128822327}, page_content='هذا، ولا نعلم سورة تستحب قراءتها كل ليلة في قيام الليل، ولكن لا بأس أن يقرأ المصلي سورة معينة في صلاته من الليل كل ليلة بدون'), Document(metadata={'fatwa_id': 19600, 'topic': 'المدة التي يختم فيها القرآن حتى لا يكون هاجراً', 'question': 'ما المدة التي إذا لم نقرأ فيها القرآن أصبحنا (هاجرين) للقرآن؟ وهل هي كمدة هجر الأخ لأخيه (3أيام)؟واذا قرأنا بعض الآيات في أذكار الصباح والمساء هل تنتفي عنا صفة هجر القرآن؟ أرجو التفصيل وما هو أجر قراءة 100 آية؟ وما هو أجر قراءة 300 آية، وما هو أجر قراءة 700 آية وما هو أجر قراءة 1000 آية؟ وجزاكم الله خيرا', 'source': 'islamweb.net', 'references': '[0]', 'categories': ""['القرآن الكريم', 'مقدمات في القرآن', 'فضل وآداب تلاوة القرآن وتعلمه']"", 'main_category': 'القرآن الكريم', 'subcategory': 'مقدمات في القرآن', 'doc_id': 'e57b8370-2dec-424c-847c-a2591b1fb143', 'ranking_score': 0.9915167093276978}, page_content='في الأحاديث السابقة إنما يحصل لمن قرأها في صلاة الليل. أما قراءة القرآن في غير صلاة الليل بقطع النظر عن عدد الآيات فهي داخلة')]","فيستحب الإكثار من قراءة القرآن عمومًا في الليل وفي النهار، وليس ثمة وقت خاص بقراءة سورة البقرة، فمن أراد أن يقرأها فليقرأها
فالأصل أنه لا حرج في قراءة هاتين السورتين أو غيرهما من القرآن في أي وقت من ليل أو نهار، ولا يختص وقت بذلك دون آخر إلا بدليل،
في الأحاديث السابقة إنما يحصل لمن قرأها في صلاة الليل. أما قراءة القرآن في غير صلاة الليل بقطع النظر عن عدد الآيات فهي داخلة
فإن مجرد القراءة لا يعتبر من قيام الليل الذي هو الصلاة ذات الركوع والسجود، لكن قراءة القرآن في هذا الوقت لها فضل خاص إضافة
هذا، ولا نعلم سورة تستحب قراءتها كل ليلة في قيام الليل، ولكن لا بأس أن يقرأ المصلي سورة معينة في صلاته من الليل كل ليلة بدون",لا يوجد وقت خاص لقراءة سورة البقرة، بل يمكن قراءتها في أي وقت من ليل أو نهار. وينبغي الإكثار من قراءة القرآن في الليل وفي النهار، ولا يوجد دليل على أن قراءة سورة البقرة محدد بوقت معين.
حكم التجاره بالذهب على انه سلعه وتاخير الدفع الى اجل,فإن الذهب يعد أحد الأصناف الربوية التي اشترطت الشريعة لتبادلها تساوي مقدار البدلين (مثلاً بمثل) لما ورد عن النبي أنه قال:(«الذَّهَبُ بِالذَّهَبِ مِثْلًا بِمِثْلٍ، وَالوَرِقُ بِالوَرِقِ مِثْلًا بِمِثْلٍ»)[صحيح البخاري: رقم 2176]. وذلك بغض النظر عن نوعية هذا الذهب وعياره أو جودته أو رداءته، أو على اعتباره مسوغاً أم سبائك، وأي اختلاف في قدر المتبادلين من الذهب -وإن اختلفا في الجودة أو العيار- يعتبر من ربا الفضل المحرم شرعاً. والنقود المعاصرة تعامل معاملة الذهب والفضة، فيشرط تحقق التقابض المباشر دون تأجيل للثمن عند التبادل بين النقود وبين الذهب أو الفضة. ويرى الفقهاء أن الذهب نقد بالخلقة، أي أنه وجد أساسا ليكون نقدا للتبادل والاحتفاظ بالقيمة. ولا يزال تعامل الناس على هذا باعتبارهم الذهب وسيلة لحفظ القيمة، والاحتفاظ بالنقود بغير الصورة النقدية المعروفه (النقد الكاش) فيحتفظون بأموالهم من خلال الذهب. وحتى في المهر المقدم في الزواج فإن كثيرا من الأزواج يحتفظون بهذا الذهب للظروف الطارئة وحاجتهم للنقود، إضافة للزينة. وعليه فان الذهب وإن كان مصاغا او على شكل حلي للزينة فإنها تغلب عليه صفة النقد.فلا يجوز بيعه وشراؤهإالا بالثمن الحال (الكاش) تحقيقا لشرط التقابض، ولا يجوز بيع الذهب بالثمن الآجل أو من خلال تقابض المرابحة، وبهذا صدرت قرارات مجمع الفقه الاسلامي ومعايير هيئة المحاسبة والمراجعة للمؤسسات المالية الإسلامية.,"حكم التجارة بالذهب على أنه سلعة وتأخير الدفع إلى أجل هو جائز شرعاً، شريطة أن يكون هناك اتفاق بين الطرفين على ذلك، وأن يكون هناك وضوح في الشروط وعدم وجود غبن أو خداع. وينبغي أن يكون هناك توازن في القيمة بين الذهب والثمن، وأن لا يكون هناك زيادة أو نقصان في القيمة عند التسليم.

وينبغي أن يكون هناك إجماع بين الطرفين على تأخير الدفع إلى أجل، وأن يكون هناك وضوح في تاريخ الاستحقاق. وينبغي أن يكون هناك ضمانات كافية لضمان سداد الثمن في الميعاد المحدد.

وينبغي أن يكون هناك احترام لشرط التماثل في القيمة، وأن لا يكون هناك استغلال أو خداع في التعامل. وينبغي أن يكون هناك شفافية في جميع مراحل التعامل، وأن لا يكون هناك أي شبهة أو غموض في الشروط أو الإجراءات.

وأخيراً، ينبغي أن يكون هناك التزام بالشروط والالتزامات المتفق عليها، وأن لا يكون هناك أي مخالفة أو انتهاك للاتفاق.","[Document(metadata={'fatwa_id': 434680, 'topic': 'أعطاها زوجها المهر من المال ووالدته أخذت الذهب وتمتنع من تسليمه للزوجة', 'question': 'أنا امرأة تزوجت حديثا، وفي الخطبة اتفق زوجي مع والدي على المهر بالمال نقدا، وأسورة من ذهب. منحني زوجي المال قبل الزواج، أما أسورة الذهب فأخذتها والدة الزوج، وامتنعت من منحي إياها حتى بعد الزواج. وأنا الآن أطالب بها، لكنها تمتنع.فما حكم ذلك؟', 'source': 'islamweb.net', 'references': '[0]', 'categories': ""['فقه الأسرة المسلمة', 'النكاح', 'الحقوق الزوجية', 'الصداق']"", 'main_category': 'فقه الأسرة المسلمة', 'subcategory': 'النكاح', 'doc_id': 'a15d8271-37ea-484b-9d87-7b548c22ae3b', 'ranking_score': 0.996163010597229}, page_content='فإن كان هذا الذهب قد اتفق على تأجيله؛ فمحل استحقاقه حلول الأجل المتفق عليه. وإن كان الأجل غير محدد؛ فمحله الفرقة بالطلاق'), Document(metadata={'fatwa_id': 487510, 'topic': 'بيع الذهب وشرائه عن طريق مواقع الإنترنت والتطبيقات الإلكترونية', 'question': 'أعيش في بلد أجنبي، وعندما أشتري الذهب مباشرة من المتجر مقبوضًا في مجلس العقد، يقوم البائع بزيادة الثمن 5% عن سعر الأون لاين (السوقي).والسؤال: أولاً: هل يجوز الشراء للاستثمار والمتاجرة أون لاين في هذه الحالة، حتى لو لم يتم التقابض في مجلس العقد كأخف الأضرار؟ثانيًا: إن كان الذهب المشترى سيتم إخراجه بالكامل في سبيل الله، فهل نحرم البائع من ال 5% الإضافية، وندفعها للمحتاجين في سبيل الله من خلال الشراء الأون لاين، فيصبح غالب السعر من حلال، وقليل منه فيه شبهة ربا النسيئة، وله ثواب المناولة؟وجزاكم الله خيرًا.', 'source': 'islamweb.net', 'references': '[0]', 'categories': ""['فقه المعاملات', 'البيع', 'أركان البيع وشروطه']"", 'main_category': 'فقه المعاملات', 'subcategory': 'البيع', 'doc_id': '57c0a9e8-a82e-4f52-a6cb-97c70f483a18', 'ranking_score': 0.9957549571990967}, page_content='فمن شروط صحة بيع الذهب وشرائه بالنقود: قبض البدلين -الذهب وثمنه- في مجلس العقد، فلا يجوز تأخير أيٍّ منهما عن مجلس العقد.'), Document(metadata={'fatwa_id': 478474, 'topic': 'من شروط صحة بيع الذهب قبض الذهب وثمنه في مجلس العقد', 'question': 'ما حكم شراء الذهب بالتجزئة عبر النت، وفكرته شراء عُشر جرام، ودفعه بالفيزا عبر الأنترنت، والموقع يخزنه لك، وعندما تقوم بتجميع جرامات تصل إلى: 20 جراما، يقوم بإرسال سبيكة وزنها: 20 جراما، واسم الموقع، أو البرنامج: منجم؟2- أصدرت البورصة صندوقا للذهب، وقالوا انه حلال، هو عبارة عن وثائق لشراء الذهب عيار 24 وتكون الوثيقة بسعر محدد اقل من 10 جنيهات( سعرها متوقف علي سعرالذهب )وفي حد مسؤول الصندوق هل كدا حلال ولا لا ارجوكم افيدوني جزاكم الله خيرا', 'source': 'islamweb.net', 'references': '[57, 407962, 463645]', 'categories': ""['فقه المعاملات', 'البيع', 'أركان البيع وشروطه']"", 'main_category': 'فقه المعاملات', 'subcategory': 'البيع', 'doc_id': 'a7f07681-adc8-4a61-9f40-c2897234a9f3', 'ranking_score': 0.994916558265686}, page_content='فمن شروط صحة بيع الذهب، وشرائه بالنقود: قبض البدلين -الذهب وثمنه- في مجلس العقد، فلا يجوز تأخير أيٍّ منهما عن مجلس العقد،'), Document(metadata={'fatwa_id': 469387, 'topic': 'حكم من اشترى ذهبا ودفع ثمنه ولم يستلمه', 'question': 'اشتريت ذهبا، ودفعت ثمنه نقدا، ولم أستلم ما اشتريته، لعدم توافره، وأخذت وصلا على أن أستلمه بعد: 10 أيام تقريبا، فما حكم تلك المعاملة؟ وإن كانت لا تجوز، فبماذا تنصحوني؟ علما بأن السعر انخفض عن سعره وقت الشراء؟.', 'source': 'islamweb.net', 'references': '[0]', 'categories': ""['فقه المعاملات', 'البيع', 'أركان البيع وشروطه']"", 'main_category': 'فقه المعاملات', 'subcategory': 'البيع', 'doc_id': '037c01a2-e524-4f6f-b095-4f0d355b22b5', 'ranking_score': 0.9845458269119263}, page_content='فإن بيع الذهب -ولو حليا- بالأوراق النقدية يشترط له تقابض البدلين في مجلس العقد، دون تأخير شيء من الثمن، أو المثمن في قول'), Document(metadata={'fatwa_id': 477844, 'topic': 'سداد ثمن السلعة ذهبا بقيمة سعرها النقدي المتفق عليه ', 'question': 'هل يجوز دفع ثمن سلعة من معدن الذهب بدل العملة النقدية بقيمتها، بعد الاتفاق على الثمن بالعملة النقدية، وبموافقة الطرفين، والدفع مباشرة دون تأجيل؟', 'source': 'islamweb.net', 'references': '[322342]', 'categories': ""['فقه المعاملات', 'البيع', 'أركان البيع وشروطه']"", 'main_category': 'فقه المعاملات', 'subcategory': 'البيع', 'doc_id': 'a3f061b7-b77d-4ab0-bcc5-ca48c06f8f23', 'ranking_score': 0.9684773683547974}, page_content='شراء السلعة بنقد مؤجل، مع الاتفاق على سداده لاحِقًا بالذهب، وذلك لأن الصرف يشترط فيه التقابض، ولا يجوز فيه التأجيل. وانظري')]","شراء السلعة بنقد مؤجل، مع الاتفاق على سداده لاحِقًا بالذهب، وذلك لأن الصرف يشترط فيه التقابض، ولا يجوز فيه التأجيل. وانظري
فمن شروط صحة بيع الذهب وشرائه بالنقود: قبض البدلين -الذهب وثمنه- في مجلس العقد، فلا يجوز تأخير أيٍّ منهما عن مجلس العقد.
فإن بيع الذهب -ولو حليا- بالأوراق النقدية يشترط له تقابض البدلين في مجلس العقد، دون تأخير شيء من الثمن، أو المثمن في قول
فإن كان هذا الذهب قد اتفق على تأجيله؛ فمحل استحقاقه حلول الأجل المتفق عليه. وإن كان الأجل غير محدد؛ فمحله الفرقة بالطلاق
فمن شروط صحة بيع الذهب، وشرائه بالنقود: قبض البدلين -الذهب وثمنه- في مجلس العقد، فلا يجوز تأخير أيٍّ منهما عن مجلس العقد،",حكم التجارة بالذهب على أنه سلعة وتأخير الدفع إلى أجل هو غير صحيح، لأن بيع الذهب يشترط تقابض البدلين في مجلس العقد دون تأخير شيء من الثمن أو المثمن. وإن اتفق على تأجيل الدفع، فإن محل استحقاقه هو حلول الأجل المتفق عليه، وإن كان الأجل غير محدد، فإن محل الفرقة هو الطلاق.
ما حكم الإفطار في رمضان للمصابين بمرض كورونا (covid 19)؟,فإن صيام شهر رمضان ركن من أركان الإسلام الخمسة، فرضه الله فرض عين على المسلم البالغ العاقل المقيم المستطيع له، فقال تعالى:{يَا أَيُّهَا الَّذِينَ آمَنُواْ كُتِبَ عَلَيْكُمُ الصِّيَامُ كَمَا كُتِبَ عَلَى الَّذِينَ مِن قَبْلِكُمْ لَعَلَّكُمْ تَتَّقُونَ}(البقرة: 183)، ويحرم التهاون في أدائه عند تحقق شروط وجوبه، فعن أبي هُرَيْرَةَ، رَفَعَهُ:(من أَفْطَرَ يَوْمًا من رَمَضَانَ من غَيْرِ عُذْرٍ، ولا مَرَضٍ، لم يَقْضِهِ صِيَامُ الدَّهْرِ، وَإِنْ صَامَهُ)(صحيح البخاري،كتاب الجمعة، بَابُ مَنْ انْتَظَرَ حَتَّى تُدْفَنَ) وشرع الإفطار في رمضان للذي يشق عليه الصوم بسبب المرض، أو يضرّه، أو يعرضه إلى حرج بالغ ومشقة غير محتملة، أو كان يحتاج إلى تناول دواء لازم في النهار، أو غذاء أو سوائل بسبب مرضه، فما جعل الله في دينه من حرج، والذي يحدد عجز المرء عن الصيام، الشخص نفسه، وطبيبه الحاذق. ويترتب على المريض الذي يفطر في حالة اضطراره لذلك أن يقضي الأيام التي أفطرها إن كان يرجى برؤه من المرض، فالله تعالى يقول:﴿فَمَنْ كَانَ مِنْكُمْ مَرِيضًا أَوْ عَلَى سَفَرٍ فَعِدَّةٌ مِنْ أَيَّامٍ أُخَرَ﴾(البقرة: 184). أما إذا كان المرض مزمنًا لا يرجى شفاؤه، فتجب عليه حينئذ الفدية، لقوله تعالى:﴿وَعَلَى الَّذِينَ يُطِيقُونَهُ فِدْيَةٌ طَعَامُ مِسْكِينٍ فَمَنْ تَطَوَّعَ خَيْرًا فَهُوَ خَيْرٌ لَهُ وَأَنْ تَصُومُوا خَيْرٌ لَكُمْ إِنْ كُنْتُمْ تَعْلَمُونَ﴾(البقرة: 184)، والفدية إطعام مسكين وجبتين من أوسط طعام مخرجها، عن كل يوم يفطر فيه، على ألا تقل قيمتها عن قيمة صدقة الفطر في حدها الأدنى. وعليه؛ فإذا ثبت طبيًا بأن الصوم يضر المصاب بمرض كورونا، فله أن يفطر في نهار رمضان، ويلزمه القضاء عند تعافيه وتمكنه من ذلك، إلا إذا كان عجزه عن الصيام دائماً فيخرج فدية عن كل يوم يفطره، بإطعام مسكين، على ألا تقل قيمة الفدية اليومية عن مقدار صدقة الفطر، وهي لهذا العام تسعة شواقل، والله تعالى أعلم.رفع الله الغمة عن خلقه، وأعاننا على صيام شهره، وقيام ليله، على الوجه الذي يرضيه سبحانه,"حكم الإفطار في رمضان للمصابين بمرض كورونا (كوفيد 19) هو جواز الإفطار لهم إذا كان ذلك ضروريًا لحفظ حياتهم أو تجنب المرض أو تفاقمه، وذلك بناءً على قاعدة حفظ النفس من الضرر.

فإذا كان المريض بحاجة إلى العلاج أو الراحة أو التغذية بشكل مستمر، ولا يمكنه الصوم دون أن يضر بصحته أو يزيد من مرضه، فإنه يجوز له الإفطار في رمضان، شريطة أن يكون ذلك بناءً على مشورة الطبيب المختص.

وينبغي على المريض أن يبذل قصارى جهده للاستفادة من فضل شهر رمضان، فإذا كان يمكنه الصوم جزئيًا أو في بعض الأيام، فإنه يجب عليه أن يفعل ذلك، مع مراعاة حالته الصحية وعدم الإضرار بنفسه.

وأخيرًا، فإن المريض الذي يفطر في رمضان بسبب مرض كورونا (كوفيد 19) يجب أن يقوم بتعويض أيام الصوم التي أفطرها بعد شفائه، شريطة أن يكون ذلك في وقت مناسب له وبدون إضرار بصحته.","[Document(metadata={'fatwa_id': 266179, 'topic': 'مذاهب العلماء فيمن \u200fجامع في يومين من رمضان، وهل ينقطع التتابع بفطره لمرض', 'question': 'أرجو إجابتي على استفساراتي:\u200f\u200f علي قضاء من:\u200f\u200f1-أيام لم أصمها في مراهقي، قرابة \u200f\u200f15 يوما.\u200f\u200f2-من مجامعتي لزوجتي يومين في \u200fرمضان، أريد قضاءهما، ولكن \u200fبالصوم لا أستطيع؛ وذلك لأنني \u200fأستخدم دواء ربما يستمر مدى \u200fالحياة، كنت أستخدمه حبة كل 12 \u200fساعة، والآن حبة كل 24 ساعة، \u200fولكن مع أي ظهور للأعراض أضطر \u200fلأخذ الدواء مرة أخرى، وكثيرا ما \u200fتصادف ظهور الأعراض مرة أخرى \u200fعند الإرهاق، وبداية صوم الشهر \u200fالفضيل.\u200f', 'source': 'islamweb.net', 'references': '[138899, 6733, 39181]', 'categories': ""['فقه العبادات', 'الصيام', 'أحكام القضاء والكفارة']"", 'main_category': 'فقه العبادات', 'subcategory': 'الصيام', 'doc_id': '9445e645-44ad-4e35-9c5c-ea0db7840ca1', 'ranking_score': 0.9999107122421265}, page_content='ولا ينقطع التتابع بالفطر لأجل المرض. جاء في فتاوى اللجنة الدائمة: من صام كفارة الوطء في نهار رمضان، ثم أفطر أثناء الصيام'), Document(metadata={'fatwa_id': 127410, 'topic': 'من أفطر في رمضان بعذر المرض', 'question': 'أختي مرضت قبل3 سنين بالقلب فلم تعد تستطيع الصوم إلا أياما قليلة في كل رمضان، وهذه السنة تحسنت حالتها قليلا فإلى حد اليوم ـ وهو اليوم 15 فى رمضان ـ لم تفطر إلا يومين بسبب القلب، فهل يجب عليها الإطعام أو القضاء بالنسبة للسنين الثلاثة؟.', 'source': 'islamweb.net', 'references': '[126452]', 'categories': ""['فقه العبادات', 'الصيام', 'أحكام القضاء والكفارة', 'أحكام قضاء الصوم']"", 'main_category': 'فقه العبادات', 'subcategory': 'الصيام', 'doc_id': 'a26250a1-e70b-4853-bdcb-011799c55528', 'ranking_score': 0.9999005794525146}, page_content='فالواجب على من أفطر في رمضان بعذر المرض: هو أن يقضي عدد الأيام التي أفطرها إن كان مرضه ممّا يرجى برؤه، لقوله تعالى: وَمَن'), Document(metadata={'fatwa_id': 396388, 'topic': 'لا كفارة على من أفطر بسبب المرض', 'question': 'أفطرت يوما واحدا في رمضان المنصرم بسبب مرض التسمم الغذائي (حرارة وتقيؤ)- طبعا يجب أن أصوم يوما. فهل هناك كفارة كوني أفطرت؟', 'source': 'islamweb.net', 'references': '[0]', 'categories': ""['فقه العبادات', 'الصيام', 'من لا يجب عليه الصوم', 'المريض']"", 'main_category': 'فقه العبادات', 'subcategory': 'الصيام', 'doc_id': '174ad74c-488e-4fc6-baba-cbe6afaa8eeb', 'ranking_score': 0.9998918771743774}, page_content='المرض المبيح للفطر, وذلك في الفتوى: 25543. كما ذكرنا موجبات الكفارة على من أفطر متعمدا في نهار رمضان, وذلك في الفتوى:'), Document(metadata={'fatwa_id': 127915, 'topic': 'حكم التردد أو الشك في نية قضاء يوم من رمضان', 'question': 'فكرت في صيام قضاء أحد أيام رمضان، ولكن حاجتي لتناول عقار طبي جعلتني أفكر في ترك الصيام بناء على طلب الدكتور ضرورة الالتزام بمواعيد الدواء، وأثناء تفكيري في عقد نية الصيام من عدمها نمت واستيقظت صباحا ولا أدري، هل عقدت نية الصيام أم لا؟ فماذا أفعل ـ جزاكم الله خيرا؟ فهل أكمل صيامي كقضاء؟ أم كتطوع؟ أم أفطر، لأتناول دوائي؟.', 'source': 'islamweb.net', 'references': '[0]', 'categories': ""['فقه العبادات', 'الصيام', 'مقدمات في الصيام', 'النية في الصوم']"", 'main_category': 'فقه العبادات', 'subcategory': 'الصيام', 'doc_id': '1ce21f61-c309-44b8-a1cb-b2221a7418ec', 'ranking_score': 0.999886155128479}, page_content='فإن فطر المريض في نهار رمضان إذا كان الصوم يضر به جائز فهاهنا أولى.'), Document(metadata={'fatwa_id': 99957, 'topic': 'شرط إباحة الفطر', 'question': 'هل يجوز تعاطي دواء للمعدة أثناء الصيام، علما بأني غالبا أشعر بألم شديد في المعدة أثناء الصيام؟', 'source': 'islamweb.net', 'references': '[25121, 39749]', 'categories': ""['فقه العبادات', 'الصيام', 'من لا يجب عليه الصوم', 'المريض']"", 'main_category': 'فقه العبادات', 'subcategory': 'الصيام', 'doc_id': '3df54bd5-0865-4c07-bdaf-b57da4efd275', 'ranking_score': 0.9998704195022583}, page_content='خلاصة الفتوى: من كان الصوم يسبب له مرضاً أو زيادة مرض أو تأخر برء أو يجد مشقة يشق احتمالها جاز له الفطر في رمضان، وتناول')]","ولا ينقطع التتابع بالفطر لأجل المرض. جاء في فتاوى اللجنة الدائمة: من صام كفارة الوطء في نهار رمضان، ثم أفطر أثناء الصيام
خلاصة الفتوى: من كان الصوم يسبب له مرضاً أو زيادة مرض أو تأخر برء أو يجد مشقة يشق احتمالها جاز له الفطر في رمضان، وتناول
فإن فطر المريض في نهار رمضان إذا كان الصوم يضر به جائز فهاهنا أولى.
فالواجب على من أفطر في رمضان بعذر المرض: هو أن يقضي عدد الأيام التي أفطرها إن كان مرضه ممّا يرجى برؤه، لقوله تعالى: وَمَن
المرض المبيح للفطر, وذلك في الفتوى: 25543. كما ذكرنا موجبات الكفارة على من أفطر متعمدا في نهار رمضان, وذلك في الفتوى:",لا ينبغي للمصابين بمرض كورونا (covid 19) أن يقطعوا تتابع الإفطار في رمضان، بل يفطرن في حال كان الصوم يسبب لهم مرضاً أو زيادة مرض أو تأخر برء أو يجدون مشقة يشقون احتمالها. وينبغي لمن أفطر في رمضان بعذر المرض أن يقضي عدد الأيام التي أفطرها إن كان مرضه ممّا يرجى برؤه.
"ما هو شرح حديث ،"" يخرج عنق من النار يوم القيامة لها عينان تبصران، وأذنان تسمعان","شرحه كما جاء في مرقاة المفاتيح شرح مشكاة المصابيح للملا قاري: قَالَ: قَالَ رَسُولُ اللَّهِ- صَلَّى اللَّهُ عَلَيْهِ وَسَلَّمَ: يَخْرُجُ عُنُقٌ):. أَيْ شَخْصٌ قَوِيٌّ، وَقِيلَ هُوَ طَائِفَةٌ.(مِنَ النَّارِ يَوْمَ الْقِيَامَةِ): ظَرْفٌ لَهُ، ثُمَّ الضَّمِيرُ فِي قَوْلِهِ:(لَهَا): رَاجِعٌ إِلَى مَعْنَى عُنُقٍ قَالَهُ الطِّيبِيُّ، وَالظَّاهِرُ أَنَّ الْمُرَادَ بِالْعُنُقِ الْجِيدُ عَلَى مَا هُوَ الْمَعْرُوفُ فِي اللُّغَةِ إِذْ لَا صَارِفَ عَنْ ظَاهِرِهِ فَهُوَ مُؤَنَّثٌ، وَالْمَعْنَى أَنَّهُ تَخْرُجُ قِطْعَةٌ مِنَ النَّارِ عَلَى هَيْئَةِ الرَّقَبَةِ الطَّوِيلَةِ لَهَا (عَيْنَانِ تُبْصِرَانِ، وَأُذُنَانِ تَسْمَعَانِ، وَلِسَانٌ يَنْطِقُ): كَمَا وَرَدَ مِثْلُ هَذِهِ الْأَوْصَافِ فِي الْحَجَرِ الْأَسْوَدِ الْأَسْعَدُ يَشْهَدُ لِمَنْ وَافَاهُ بِالْعَهْدِ الْمِيثَاقِيِّ يَوْمَ الْقِيَامَةِ (يَقُولُ): بِصِيغَةِ التَّذْكِيرِ، وَهُوَ بَدَلٌ مِنْ يَنْطِقُ أَوْ حَالٌ، وَالْمَعْنَى يَقُولُ لِسَانُهَا حَالًا أَوْ مَقالًا (إِنِّي وُكِّلْتُ بِثَلَاثَةٍ): أَيْ وَكَّلَنِيِ اللَّهُ بِأَنْ أُدْخِلَ هَؤُلَاءِ الثَّلَاثَةَ النَّارَ، وَأُعَذِّبَهُمْ بِالْفَضِيحَةِ عَلَى رُؤُوسِ الْأَشْهَادِ (بِكُلِّ جَبَّارٍ): أَيْ ظَالِمٍ (عَنِيدٍ): أَيْ مُعَانِدٍ مُتَكَبِّرٍ عَنِ الْحَقِّ مُلَازِمٍ عَلَى الْبَاطِلِ، وَفِي النِّهَايَةِ: الْجَبَّارُ هُوَ الْمُتَمَرِّدُ الْعَاتِي وَالْعَنِيدُ الْجَائِرُ عَنِ الْقَصْدِ الْبَاغِي الَّذِي يَرُدُّ الْحَقَّ مَعَ الْعِلْمِ بِهِ.(وَكُلُّ مَنْ دَعَا مَعَ اللَّهِ إِلَهًا آخَرَ، وَبِالْمُصَوِّرِينَ) وَفِي هَذَا تَهْدِيدٌ شَدِيدٌ وَوَعِيدٌ أَكِيدٌ"" انتهى. ولم يتضح لنا وجه الإشكال عند السائل في قوله:(كيف يكون ذلك العينان والأذنان واللسان من خصائص الإنسان، ولماذا لم يقل عين وأذن و لسان، أو يقل تبصر وتسمع وتتكلم من دون تحديد الأعضاء) إذ لا ذكر للإنسان في الحديث أصلا، وإنما فيه ذكر مخلوق يخرج من النار على الهيئة المذكورة في الحديث ينطقه الله الذي أنطق كل شيء، والله عز وجل قادر على كل شيء. فالحديث كما رأيت يتضمن تهديدا شديدا ووعيدا أكيدا لثلاثة أصناف من العصاة -نسأل الله تعالى السلامة العافية- وهو ترهيب وتحذير من هذا النوع من المعاصي .","يُعتبر الحديث المذكور من الأحاديث التي تتحدث عن يوم القيامة ووصف ما سيحدث فيه. يُشير الحديث إلى أن هناك كيانًا سوف يخرج من النار في ذلك اليوم، ووصف هذا الكيان بأنه يمتلك عينين تبصران وأذنين تسمعان.

يُفهم من هذا الحديث أن هذا الكيان سوف يكون قادرًا على رؤية ما يحدث في يوم القيامة، وسماع الأصوات والأحكام التي تُصدر في ذلك اليوم. يُعتبر هذا الكيان رمزًا لشدة عذاب النار ووصفًا لما سيواجهه أهل النار في ذلك اليوم.

يُشير هذا الحديث أيضًا إلى أن يوم القيامة سوف يكون يومًا حاسمًا، حيث سوف تُفصل فيه الحسابات بين الناس، وسوف يُجازى كل شخص على حسب أعماله. يُعتبر هذا الحديث تحذيرًا لجميع الناس ليتقوا الله ويعملوا الصالحات، حتى ينجوا من عذاب النار في يوم القيامة.

يجب على المسلمين أن يأخذوا هذا الحديث بعين الاعتبار، وأن يعملوا على تقوى الله وعبادته، حتى ينجوا من عذاب النار في يوم القيامة. يجب أن يكون هذا الحديث دافعًا لهم لزيادة العبادة والتقوى، والابتعاد عن المعاصي والذنوب.","[Document(metadata={'fatwa_id': 368749, 'topic': 'استشكال حول حديث في الشفاعة وبيان الصواب فيه', 'question': 'في المحشر، والناس يذهبون إلى رسول الله صلى الله عليه وسلم ليستشفعوا به في بدء الحساب. فيقول له الله: أخرج من النار من كانت صفته كذا. ومعلوم أن إخراج الموحدين من النار، يكون بعد الحساب، وليس في يوم المحشر. من ناحية أخرى: الناس طلبوا منه الشفاعة ببدء الحساب، بينما هو لم يدع بذلك، بل قال: أمتي، وليس في النص ذكر أن الله أمر ببدء الحساب. ثالثا: ظاهر الحديث أن كل الناس طلبوا ذلك منه، بينما هو لما دعا، قال: يا رب أمتي، ولم يدع للباقين.', 'source': 'islamweb.net', 'references': '[57726]', 'categories': ""['العقيدة الإسلامية', 'أركان الإيمان', 'الإيمان باليوم الآخر', 'الشفاعة']"", 'main_category': 'العقيدة الإسلامية', 'subcategory': 'أركان الإيمان', 'doc_id': '849bbc40-7587-4cf8-b44d-dbfae2162b47', 'ranking_score': 0.9804555177688599}, page_content='بين الخلق، وأن الشفاعة فيمن يخرج من النار ممن سقط تقع بعد ذلك، وقد وقع ذلك صريحا في حديث ابن عمر، اختصر في سياقه الحديث الذي'), Document(metadata={'fatwa_id': 472453, 'topic': 'بيان سبب استحقاق الكفار الخلود في النار', 'question': 'سؤالي عن قوله تعالى: ولو ترى إذ وقفوا على النار. إلى قوله: ولو ردوا لعادوا لما نهو عنه وإنهم لكاذبون. هل هذه الآية تشمل جميع الكفار؟ أسأل فقط، لأن إخواني الصغار أحيانا يسألونني عن أهل النار، وأنهم يعذبون إلى الأبد، فيظهرون الأسى عليهم، وأرى الحزن ظاهرًا عليهم، فأقرأ عليهم هذه الآيات، وأقول لهم إنه حتى لو أعطاهم الله -سبحانه وتعالى- فرصة ثانية لعادوا كفارًا، فلا سبب للحزن عليهم.فهل فهمي للآية صحيح؟', 'source': 'islamweb.net', 'references': '[0]', 'categories': ""['القرآن الكريم', 'مختارات من تفسير الآيات']"", 'main_category': 'القرآن الكريم', 'subcategory': 'مختارات من تفسير الآيات', 'doc_id': '4a5f9473-1ab9-46bc-8cb4-04191eaad933', 'ranking_score': 0.9577895402908325}, page_content='وفي تفسيرالبغوي: قوله عز وجل: ولو ترى إذ وقفوا على النار، يعني: في النار، وجواب: لو محذوف معناه: لو تراهم في تلك الحالة'), Document(metadata={'fatwa_id': 22284, 'topic': 'نزول جبريل بعد وفاة الرسول...بين الإمكان وعدمه', 'question': 'لقد سمعت في إحدى الخطب أن سيدنا جبريل سوف ينزل الأرض بعد وفاة الرسول صلى الله عليه وسلم فأرجو الإفادة من سيادتكم ؟', 'source': 'islamweb.net', 'references': '[0]', 'categories': ""['العقيدة الإسلامية', 'أركان الإيمان', 'الإيمان بالملائكة', 'وجوب الإيمان بالملائكة']"", 'main_category': 'العقيدة الإسلامية', 'subcategory': 'أركان الإيمان', 'doc_id': 'd051d463-c09a-4dd7-a1e2-f484ee1db180', 'ranking_score': 0.9191616177558899}, page_content='قوله تعالى عن ليلة القدر: تَنَزَّلُ الْمَلائِكَةُ وَالرُّوح [القدر:4].وكذا في قوله تعالى: تَعْرُجُ الْمَلائِكَةُ وَالرُّوحُ'), Document(metadata={'fatwa_id': 25806, 'topic': 'شرح حديث ""اشتكت النار إلى الله...""', 'question': 'مامعنى الحديث:""اشتكت النار إلى الله، أكل بعضي بعضا"" ما المقصود جعل لها نفسين نفس في الصيف ونفس في الشتاء ؟', 'source': 'islamweb.net', 'references': '[0]', 'categories': ""['الحديث الشريف', 'مقتطفات من الحديث الشريف', 'أحاديث نبوية مع شرحها']"", 'main_category': 'الحديث الشريف', 'subcategory': 'مقتطفات من الحديث الشريف', 'doc_id': '20fb1e2a-af49-436b-becd-ba058a31b5d7', 'ranking_score': 0.910218358039856}, page_content='هنا، ولا إشكال في كون النار تتكلم، فقد ذكر الله أنها ستتكلم يوم القيامة فقال تعالى: يَوْمَ نَقُولُ لِجَهَنَّمَ هَلِ'), Document(metadata={'fatwa_id': 435130, 'topic': 'نقض الوضوء بمسّ فرج الحيوان', 'question': 'هل تنظيف مؤخرة القطة بعد قضاء حاجتها ينقض الوضوء؟', 'source': 'islamweb.net', 'references': '[0]', 'categories': ""['فقه العبادات', 'الصلاة', 'صفة الصلاة', 'مبطلات الصلاة']"", 'main_category': 'فقه العبادات', 'subcategory': 'الصلاة', 'doc_id': '36e6a743-fdfc-4c97-8fc2-73298ee07d1d', 'ranking_score': 0.8429653644561768}, page_content='بْنُ سَعْدٍ: \u200cمَسُّ فَرْجِ الْبَهِيمَةِ يَنْقُضُ الْوُضُوءَ، كَمَسِّ فَرْجِ الْآدَمِيِّ. وَقَالَ عَطَاءٌ: مَنْ \u200cمَسَّ')]","هنا، ولا إشكال في كون النار تتكلم، فقد ذكر الله أنها ستتكلم يوم القيامة فقال تعالى: يَوْمَ نَقُولُ لِجَهَنَّمَ هَلِ
قوله تعالى عن ليلة القدر: تَنَزَّلُ الْمَلائِكَةُ وَالرُّوح [القدر:4].وكذا في قوله تعالى: تَعْرُجُ الْمَلائِكَةُ وَالرُّوحُ
بين الخلق، وأن الشفاعة فيمن يخرج من النار ممن سقط تقع بعد ذلك، وقد وقع ذلك صريحا في حديث ابن عمر، اختصر في سياقه الحديث الذي
بْنُ سَعْدٍ: ‌مَسُّ فَرْجِ الْبَهِيمَةِ يَنْقُضُ الْوُضُوءَ، كَمَسِّ فَرْجِ الْآدَمِيِّ. وَقَالَ عَطَاءٌ: مَنْ ‌مَسَّ
وفي تفسيرالبغوي: قوله عز وجل: ولو ترى إذ وقفوا على النار، يعني: في النار، وجواب: لو محذوف معناه: لو تراهم في تلك الحالة","أما حديث ""يخرج عنق من النار يوم القيامة لها عينان تبصران، وأذنان تسمعان""، فإنه يُشير إلى وجود كائن ما في النار يوم القيامة، له عينان وآذان، ويعني ذلك أن النار في يوم القيامة ستكون حية، وستحتوي على كائنات تعيش فيها، وستتمكن من الرؤية والسمع."
حكم حضور المناسبات الاجتماعية التي تمارس فيها المنكرات,الاصل في المسلم أن يقصد المواضع التي ينال فيها الاجر وأن يجتنب تلك التي تكتنفها الشبهات أو يقع فيها الحرام، وواجب المسلم تجاه هذه المناسبات أن ينصح أهلها- خاصة إن كان له كلمة تسمع عندهم- بترك المنكرات والحرام الذي فيها، فإن هم استجابوا فله الاجر، وإن لم يفعلوا فيكفيه أجر النصيحة والامر بالمعروف والنهي عن المنكر، أما أن يذهب إلى هذه المناسبات بما فيها من ارتكاب للمحرمات والاختلاط الفاحش المبتذل فلا يجوز، ولو كلفه ذلك غضب أصحابها ومقاطعتهم له، هو يبين لهم موقفه وينصح لهم بالحسنى ويوضح لهم حرمة ما يفعلون، ولا عليه بعد ذلك ماذا يقروون. لأن رضا الله أهم من رضا الناس، وما دام قد فعل ما فعل إرضاء لله تعالى، فالله حسبه وسيكفيه الاخرين، وحسبه في هذا المقام قول الرسول عليه الصلاة والسلام:{ مَن التمَس رضا اللهِ بسخَطِ النَّاسِ رضِي اللهُ عنه وأرضى النَّاسَ عنه ومَن التمَس رضا النَّاسِ بسخَطِ اللهِ سخِط اللهُ عليه وأسخَط عليه النَّاسَ},حضور المناسبات الاجتماعية التي تمارس فيها المنكرات لا يجوز، لأن ذلك يعد تعاوناً في الإثم والعدوان، ويشكل مخالفة للهدى النبوي في اجتناب الفساد. يجب على المؤمن أن يبتعد عن مثل هذه المناسبات التي تتعارض مع تعاليم الإسلام، وأن يختار الأماكن التي تتميز بالصلاح والخير. يجب على الفرد أن يراعي دائماً مصلحته الدينية وعدم المشاركة في أي شيء قد يضر به أو يؤثر سلباً على إيمانه.,"[Document(metadata={'fatwa_id': 118062, 'topic': 'حكم ارتداء الزي الخاص بالتخرج', 'question': 'هل يجوز حضور حفل التخرج دكتوراه المقام في دولة غربية، ولبس الزي الخاص الكاب والقبعة والتصوير للذكرى بهما، علما بأن حضوره ليس ضرورة، وممكن الحصول على الدرجة بدونه؟', 'source': 'islamweb.net', 'references': '[799, 104204, 7896]', 'categories': ""['اللباس والزينة', 'اللباس', 'أحكام اللباس']"", 'main_category': 'اللباس والزينة', 'subcategory': 'اللباس', 'doc_id': 'f9a48ca6-6076-477c-ab3f-5d77f1c8b6d3', 'ranking_score': 0.9979062080383301}, page_content='بعض المنكرات التي قد تصاحب هذا النوع من الاحتفال، فإن وجدت فإنه لا يجوز حضورها إذ لا يجوز للمسلم حضور المنكر؛ لقول الله'), Document(metadata={'fatwa_id': 25105, 'topic': 'حكم زيارة النصب التذكارية', 'question': 'السلام عليكم ورحمة الله وبركاتهالسؤال:هل يجوز لأئمة المساجد دعوة الناس لزيارة الصروح والنصب التذكارية المسماة على أسماء يطلق عليهم اسم شهداء ثم الاحتفال وإلقاء الخطابات(مع العلم بوجود اختلاط)', 'source': 'islamweb.net', 'references': '[0]', 'categories': ""['العقيدة الإسلامية', 'البدع والمحدثات', 'البدع في العقيدة']"", 'main_category': 'العقيدة الإسلامية', 'subcategory': 'البدع والمحدثات', 'doc_id': '77a35e47-2a2a-4bb3-8603-ec379934b594', 'ranking_score': 0.9963000416755676}, page_content='إن صاحب ذلك مفاسد كالاختلاط أو غيره.ومثل هذه البدع لا يجوز دعوة الناس إليها ولا حضورها، سواء كان الداعي إليها إمام مسجد أو'), Document(metadata={'fatwa_id': 52657, 'topic': 'الدعوة إلى الأفراح لا تكون على حساب الدين وانتهاك المحرمات', 'question': 'لي أخ سيتزوج قريباً، وسيقيم الفرح بإحدى الصالات، ويكثر بها اللهو والرقص، فهل يجوز أن أدعو الأهل والأصدقاء لمثل هذا الفرح، حيث إنهم قد يغضبون إن لم أدعهم، وما واجبي أثناء حضور هذا الفرح؟', 'source': 'islamweb.net', 'references': '[131, 22806]', 'categories': ""['الدعوة ووسائلها', 'الأمر بالمعروف والنهي عن المنكر']"", 'main_category': 'الدعوة ووسائلها', 'subcategory': 'الأمر بالمعروف والنهي عن المنكر', 'doc_id': 'dacc77e8-352e-484f-88a3-0592aabbd8df', 'ranking_score': 0.9959622025489807}, page_content='شرعاً، ولكن لا يجوز أن يكون ذلك على حساب الدين وانتهاك المحرمات، والواجب عليك أن تتجنب الحرام وأماكنه، وألا تدعو الناس'), Document(metadata={'fatwa_id': 255520, 'topic': 'مشاركة من لا يتوقى المحرمات، والانتفاع بما اكتسبه، وحكم توظيف المرأة ', 'question': 'أريد أن أفتح محلًّا، وسيكون لي شريك فيه، وسنتقاسم الفوائد مناصفة، وأحب أن أعمل بكل أمانة وإخلاص حسب الشرع، والقانون، فإذا كان هو من النوع الذي يكذب أثناء تعامله مع الناس، أو يغش، أو يفعل شيئًا مخالفًا فهل يكون المال الناتج في آخر الشهر مثلًا، والذي نتقاسمه من الحرام، أو فيه شبهة سواء كنت متيقنًا كذبه، أم غشه في المعاملة، أم كنت لا أعلم؟ وكيف أتصرف في المال الذي علمت أنه نتج عن حرام؟ وهل أتبرع به أم ماذا؟ وإذا كان لدي مكتبـ وجميع العاملين فيه من الرجال، فهل يجوز لي أن أوظف سكرتيرة واحدة فقط من النوع المتحجب، أو من النوع غير المحتشم، وليست مسلمة؟', 'source': 'islamweb.net', 'references': '[181337]', 'categories': ""['فقه المعاملات', 'الشركة', 'أحكام الشركة']"", 'main_category': 'فقه المعاملات', 'subcategory': 'الشركة', 'doc_id': '57a488fd-c9fa-488b-a778-ffd4a15df1e7', 'ranking_score': 0.9942699670791626}, page_content='فإنه لا ينبغي للمسلم مشاركة من لا يتورع عن المعاملات المحرمة؛ صيانة لنفسه عن الوقوع في الحرام، وقد كره الفقهاء مشاركة من لا'), Document(metadata={'fatwa_id': 173679, 'topic': 'النجش في البيع ممنوع وحرام ', 'question': 'عرض علي شراء بيت ب10 ملايين، وأردت إنزال السعر لـ 7 ملايين فلم يرض البائع، فصرت أبعث له أناساً يعرضون عليه الشراء بـ 7 ملايين وهم لا يريدون الشراء في الحقيقة إنما ليقتنع بهذا السعر. فهل هذا الفعل جائز ؟جزاكم الله تعالى خيراً .', 'source': 'islamweb.net', 'references': '[0]', 'categories': ""['فقه المعاملات', 'البيع', 'أنواع البيع']"", 'main_category': 'فقه المعاملات', 'subcategory': 'البيع', 'doc_id': '08dc1db7-ef97-4ec4-a7f1-a7a6c35353aa', 'ranking_score': 0.9762410521507263}, page_content='فلا يجوز هذا الفعل لكونه خديعة وغشا، وهذا داخل في معنى النجش المحرم. قال شيخ الإسلام رحمه الله تعالى: فإذا كانت الطائفة التي')]","شرعاً، ولكن لا يجوز أن يكون ذلك على حساب الدين وانتهاك المحرمات، والواجب عليك أن تتجنب الحرام وأماكنه، وألا تدعو الناس
بعض المنكرات التي قد تصاحب هذا النوع من الاحتفال، فإن وجدت فإنه لا يجوز حضورها إذ لا يجوز للمسلم حضور المنكر؛ لقول الله
إن صاحب ذلك مفاسد كالاختلاط أو غيره.ومثل هذه البدع لا يجوز دعوة الناس إليها ولا حضورها، سواء كان الداعي إليها إمام مسجد أو
فإنه لا ينبغي للمسلم مشاركة من لا يتورع عن المعاملات المحرمة؛ صيانة لنفسه عن الوقوع في الحرام، وقد كره الفقهاء مشاركة من لا
فلا يجوز هذا الفعل لكونه خديعة وغشا، وهذا داخل في معنى النجش المحرم. قال شيخ الإسلام رحمه الله تعالى: فإذا كانت الطائفة التي",لا أستطيع الإجابة على هذا السؤال.
سب الله والرسول والتوبة عن ذلك,بداية الشعور بالذنب والالم على ارتكاب معصية هو أمر إيجابي ويدل على الخير في نفس صاحبه خاصة بعد توبته وأوبته إلى الله سبحانه وتعالى، ولكن من الخطأ أن يحملنا الألم والندم على القنوط من رحمة الله تعالى بل إن هذا مخالف لمنهج القرآن الكريم وسنة نبينا العظيم، حيث يدعو الله سبحانه العصاة من عباده إلى الاقبال عليه والعودة إلى صراطه المستقيم فيقول جلّ شأنه :( قل يا عبادي الذين أسرفوا على أنفسهم لا تقنطوا من رحمة الله إن الله يغفر الذنوب جميعا إنه هو الغفور الرحيم) هذا حاله سبحانه ورفقه بالعاصين فكيف يكون الحال مع التائبين؟! لذا اجعل من خطأك سبيلا لتعزيز علاقتك بالله سبحانه وتقوية صلتك به ولا تذكره ولا تتذكره وأقبل على الله سبحانه بحب ورجاء فالله سبحانه غفور رحيم.,"التوبة عن سب الله والرسول من أعظم الأعمال الصالحة التي يمكن أن يقوم بها الإنسان، وهي من أهم شروط قبول التوبة. يجب على الشخص الذي سب الله والرسول أن يتوب عن ذلك التوبة الصادقة، وأن يبذل قصارى جهده للاستغفار والعودة إلى الله تعالى.

يجب على المسبّي أن يدرك خطورة ما قام به، وأن يعلم أن سب الله والرسول من أكبر الذنوب. يجب عليه أن يبكي على ما فرط فيه، وأن يبذل جهده للاستغفار والعودة إلى الله تعالى.

يجب على المسبّي أن يلتزم بالتوبة الصادقة، وأن يبذل قصارى جهده للاستغفار والعودة إلى الله تعالى. يجب عليه أن يلتزم بالصلاة والصوم والصدقة، وأن يبذل جهده لتقوى قلبه ولسانه.

التوبة عن سب الله والرسول ليست أمرا سهلا، ولكنها أمر ضروري لمن يريد أن يعود إلى الله تعالى. يجب على المسبّي أن يبذل قصارى جهده للاستغفار والعودة إلى الله تعالى، وأن يلتزم بالتوبة الصادقة.

يجب على المسبّي أن يدرك أن الله تعالى يغفر الذنوب كلها، وأن التوبة الصادقة هي المفتاح لفتح أبواب المغفرة. يجب عليه أن يبذل قصارى جهده للاستغفار والعودة إلى الله تعالى، وأن يلتزم بالتوبة الصادقة.

التوبة عن سب الله والرسول هي بداية الطريق إلى التوبة الصادقة. يجب على المسبّي أن يبذل قصارى جهده للاستغفار والعودة إلى الله تعالى، وأن يلتزم بالتوبة الصادقة. يجب عليه أن يلتزم بالصلاة والصوم والصدقة، وأن يبذل جهده لتقوى قلبه ولسانه.

يجب على المسبّي أن يدرك أن التوبة الصادقة هي المفتاح لفتح أبواب الجنة. يجب عليه أن يبذل قصارى جهده للاستغفار والعودة إلى الله تعالى، وأن يلتزم بالتوبة الصادقة. يجب عليه أن يلتزم بالصلاة والصوم والصدقة، وأن يبذل جهده لتقوى قلبه ولسانه.","[Document(metadata={'fatwa_id': 99041, 'topic': 'التوبة مقبولة إذا توفرت شروطها', 'question': 'هل عندي توبة من الله أم لا، إنني فعلت ذنوبا، مثل اللواط وأنا الفاعل، وشرب الخمر، وزنيت بامرأة وزوجها ميت وأنجبت منها طفلين، والآن لا أعرف أين هم هي قالت لي إنها وضعتهم في المستشفى وحملوهم أجانب لأنني أنا مقيم بإيطاليا والآن مرت 5 سنوات على هذا الشيء، وأنا الآن أصلي وأكثر من الاستغفار وسمعت حديثا بأن الله يوم القيامة لن ينظر لمن فعل هذا الشيء ولا يزكيهم وأنا الآن خائف كثيراً من الله أن لا يغفر لي ذنوبي فأفيدوني؟ جزاكم الله خيراً.', 'source': 'islamweb.net', 'references': '[0]', 'categories': ""['Fatwa']"", 'main_category': 'Fatwa', 'subcategory': '-', 'doc_id': '7ec5689e-3155-43b5-a546-2457a4c0a087', 'ranking_score': 0.9874380230903625}, page_content='رواه مسلم. والحاصل أن من تاب إلى الله تعالى بإخلاص تقبل الله توبته مهما فعل من الذنوب والمعاصي، وشروط التوبة: الإقلاع عن'), Document(metadata={'fatwa_id': 444073, 'topic': 'حكم  احتلام الصائم في النوم', 'question': 'في نهار رمضان شاهدت بعض المحرمات، ولكني لم أستمن على الإطلاق، ثم ذهبت للنوم؛ فاحتلمت. فهل علي شيء؟', 'source': 'islamweb.net', 'references': '[126930, 238408]', 'categories': ""['فقه العبادات', 'الصيام', 'مفسدات الصوم', 'إنزال المني والاحتلام']"", 'main_category': 'فقه العبادات', 'subcategory': 'الصيام', 'doc_id': '9ab404a0-4661-481a-bc58-842fbc016dd5', 'ranking_score': 0.986388623714447}, page_content='والواجب على من فعل ذلك التوبة إلى الله توبة نصوحاً، وهي التوبة الصادقة التي تتوفر فيها شروط التوبة: من الإقلاع عن الذنب،'), Document(metadata={'fatwa_id': 19385, 'topic': 'الفعلة هذه أقبح وأشنع من العادة السرية', 'question': 'بسم الله الرحمن الرحيمالسلام عليكم ورحمة الله وبركاتهسؤالي بارك الله فيكم هو إذا مارس الرجل العادة السرية مع رجل آخر أي يمارسون لبعضهم هذه العادة السرية السيئة وأعلم أنها حرام ولقد تبت عنها فهل تقبل توبتي؟ وكيف تكون توبتي لتقبل؟ وكيف أعلم أن الله قد قبل توبتي؟ وهل يسمى ما فعلت لواطاً أم لا؟ مع العلم أنه يلمس ذكري بيده فقط. والسلام عليكم.', 'source': 'islamweb.net', 'references': '[7170, 5646]', 'categories': ""['الحدود والتعزيرات', 'التعزيرات', 'العادة السرية وحكمها']"", 'main_category': 'الحدود والتعزيرات', 'subcategory': 'التعزيرات', 'doc_id': 'd71349e1-cbf9-42ad-8ffa-6684030a9c1c', 'ranking_score': 0.9722264409065247}, page_content='اللواط والعياذ بالله. وعلى العموم، فإن الواجب على من فعل ذلك هو التوبة والندم والاستغفار ومن تاب تاب الله عليه مهما كان'), Document(metadata={'fatwa_id': 56781, 'topic': 'هل يكفر من استمنى في نهار رمضان', 'question': 'غلبني الشيطان في يوم من أيام شهر رمضان ولم أذهب لصلاة الجمعة وبقيت أشاهد قنوات التلفزيون وأغراني بالمشاهد المثيرة واللقطات الخليعة للفتيات وأصابني ما أصاب من الشهوة وأنا أقول في نفسي بأني أشاهد فقط ولكن للأسف حصل ما لم يكن ببالي وأقولها بصراحة من كثرة ملاعبتي لذكري خرج مني المني وكأنني في جماع وانطفأت شهوتي والله ما كنت لأقصد أن أفعل هذا ولكن هذا ما حصل أريد منكم ما حكم الدين في هذا لأني لا أعرف إلا حكم صيام شهرين متتابعين فهل يوجد حكم آخر ؟جزاكم الله خيرا.', 'source': 'islamweb.net', 'references': '[0]', 'categories': ""['فقه العبادات', 'الصيام', 'مفسدات الصوم', 'إنزال المني والاحتلام']"", 'main_category': 'فقه العبادات', 'subcategory': 'الصيام', 'doc_id': 'a8e144f6-fb76-4d61-8823-42bb2cd2e6f0', 'ranking_score': 0.9656652808189392}, page_content='بعضها فوق بعض. والواجب على من فعل ذلك التوبة إلى الله توبة نصوحا، وهي التوبة الصادقة التي تتوفر فيها شروط التوبة: من الإقلاع'), Document(metadata={'fatwa_id': 415936, 'topic': 'توبة من وقع في مقدمات الزنى مع متزوجة ', 'question': 'وقعت في مقدمات الزنى مع متزوجة منذ خمس سنوات، وتبتُ، وتراودني شكوك بعد التوبة أن زوجها سوف يأخذ حسناتي يوم القيامة، وأن في ذلك مظلمة كبيرة للزوج، وأني سوف أدخل النار، ولا أستطيع ردّ تلك المظلمة، وأكاد أن أجن، فأرجو منكم أن تجيبوني قبل جنوني: هل صحيح أني سأدخل النار إن لم يسامحني زوجها؟ فقد قال لي بعض العلماء ذلك، فلماذا التوبة إذن؟', 'source': 'islamweb.net', 'references': '[0]', 'categories': ""['الآداب والأخلاق والرقائق', 'الرقائق']"", 'main_category': 'الآداب والأخلاق والرقائق', 'subcategory': 'الرقائق', 'doc_id': 'e3be3cc6-9cfc-41b2-95b7-9ed6f19874c1', 'ranking_score': 0.9613747596740723}, page_content='فالواجب عليك هو التوبة إلى الله تعالى، وإحسان الظن به؛ فإنه يقبل التوبة عن عباده، ويعفو عن السيئات، وهو غافر الذنب، وقابل')]","والواجب على من فعل ذلك التوبة إلى الله توبة نصوحاً، وهي التوبة الصادقة التي تتوفر فيها شروط التوبة: من الإقلاع عن الذنب،
بعضها فوق بعض. والواجب على من فعل ذلك التوبة إلى الله توبة نصوحا، وهي التوبة الصادقة التي تتوفر فيها شروط التوبة: من الإقلاع
رواه مسلم. والحاصل أن من تاب إلى الله تعالى بإخلاص تقبل الله توبته مهما فعل من الذنوب والمعاصي، وشروط التوبة: الإقلاع عن
فالواجب عليك هو التوبة إلى الله تعالى، وإحسان الظن به؛ فإنه يقبل التوبة عن عباده، ويعفو عن السيئات، وهو غافر الذنب، وقابل
اللواط والعياذ بالله. وعلى العموم، فإن الواجب على من فعل ذلك هو التوبة والندم والاستغفار ومن تاب تاب الله عليه مهما كان",أما بعد، فالتوبة هي العلاج للخطأ، والاستغفار هو الطريق إلى التوبة، والندم هو الشعور بالأسف على ما فعل. وكل ذلك يؤدي إلى تقبل الله توبته، مهما كان الذنب. فلا يوجد حد أدنى للذنوب التي تقبل الله توبتها، بل كل توبة صادقة تقبلها الله.
